loc,v(g),ev(g),iv(g),n,v,l,d,i,e,b,t,lOCode,lOComment,lOBlank,locCodeAndComment,uniq_Op,uniq_Opnd,total_Op,total_Opnd,branchCount,defects
-0.44130050475377136,-0.395989391180086,-0.4136996581523865,-0.4427417027531922,-0.5247125332125653,-0.45728835617161384,0.3097671536113526,-0.6869919257400311,-0.4578806926352041,-0.2561870612862259,-0.4723597425502936,-0.2561880911417413,-0.4377183699898252,-0.45959654486548324,-0.5031949652686958,-0.06740296744351705,-0.5181728771446035,-0.43893557991941656,-0.5322009374812544,-0.5084010395997242,-0.41227099964128955,0
-0.5491449380113765,-0.5065574967572393,-0.4136996581523865,-0.4427417027531922,-0.5669704341173941,-0.48490493551276276,0.43213670908263613,-0.7180778866578128,-0.6890596015910495,-0.25806501435161877,-0.48871745398638666,-0.25806516874527746,-0.10291008442425745,-0.45959654486548324,-0.5031949652686958,-0.06740296744351705,-0.6178407705833973,-0.5766392317102538,-0.5668723488380745,-0.562001428936179,-0.5351618458495229,0
-0.5275760513598555,-0.5065574967572393,-0.4136996581523865,-0.4427417027531922,-0.6007767548412573,-0.505599572302412,2.1453104856806067,-0.8735076912467212,-0.7955577506605963,-0.2594718792157601,-0.5050751654224797,-0.2594729769479296,-0.4377183699898252,-0.45959654486548324,-0.5506414462393048,-0.06740296744351705,-1.1161802377773664,-0.6592614227847562,-0.6015437601948945,-0.5941616625380518,-0.5351618458495229,0
-0.4844382780568134,-0.395989391180086,-0.4136996581523865,-0.4427417027531922,-0.5204867431220823,-0.45593572973947744,0.0650280426687853,-0.6130073387557107,-0.5511315109668317,-0.2552542487132627,-0.4560020311142007,-0.2552544026696981,-0.4377183699898252,-0.28103404500560203,-0.40830200332747757,-0.06740296744351705,-0.4185049837058097,-0.49401704063575147,-0.5183323729385264,-0.5191211174670152,-0.41227099964128955,0
-0.247180524890082,-0.395989391180086,-0.4136996581523865,-0.27337300062346276,-0.3641325097742155,-0.34282439793471253,-0.24089584600942376,-0.41281375044519664,-0.13371071693082767,-0.239851422776585,-0.3578557624976426,-0.23985218062827945,-0.4377183699898252,-0.3524590449495545,-0.5031949652686958,-0.06740296744351705,0.07983448348815944,-0.24615046741224442,-0.33804103388306217,-0.40120026092681466,-0.41227099964128955,0
-0.26874941154160303,-0.2854212856029328,-0.4136996581523865,-0.10400429849373335,-0.37258408995518133,-0.3513125395128963,-0.24089584600942376,-0.4090834351350628,-0.1815050082205754,-0.24071639810964254,-0.3578557624976426,-0.2407167519017428,-0.10291008442425745,0.754628454181709,0.11360928734922224,-0.06740296744351705,-0.1195013033894282,-0.24615046741224442,-0.37271244523988223,-0.3690400273249418,-0.2893801534330561,1
0.16262832148881776,0.4885554534371399,0.3588330159701494,0.06536440363599608,-0.026069302535584555,-0.05664259746096719,-0.6691892901589164,0.6248356249903562,-0.16566016165169162,-0.11280850756215974,-0.06341695664796855,-0.11280870672641558,0.00869267743093182,0.7189159542097328,0.7304135399671402,-0.06740296744351705,1.3755170981924791,0.1118790272439324,-0.019064049400317747,-0.0367176134389222,0.2021832313998774,0
-0.3550249581476872,-0.395989391180086,-0.4136996581523865,-0.27337300062346276,-0.5416156935744968,-0.4748286900264026,1.2275388196459796,-0.8200398384681368,-0.34514850557134236,-0.25830079423212515,-0.48871745398638666,-0.25830162231936626,-0.4377183699898252,-0.45959654486548324,-0.4557484842980867,-0.06740296744351705,-1.0165123443385726,-0.5215577709939189,-0.5460695020239825,-0.5298411953343061,-0.41227099964128955,0
-0.22561163823856095,0.04628303112852694,0.8738547987185067,-0.27337300062346276,0.39228391642222127,0.19756902847507693,-0.7915588456302002,1.8620568695180673,-0.2630670053128624,0.14302600119188613,0.18194871489342646,0.1430255723607073,-0.32611560813463597,-0.24532154503362577,-0.26596256041565036,-0.06740296744351705,0.7775097375597162,-0.19106900669590954,0.514875685494711,0.19912409964147879,0.07929238519164403,0
-0.5060071647083344,-0.5065574967572393,-0.4136996581523865,-0.4427417027531922,-0.571196224207877,-0.4904413943098877,1.533462708324189,-0.8424217303289396,-0.5482742435527707,-0.258953567672727,-0.5050751654224797,-0.25895399166736527,-0.2145128462794467,-0.3881715449215308,-0.40830200332747757,-0.06740296744351705,-1.0165123443385726,-0.5766392317102538,-0.5738066311094385,-0.562001428936179,-0.5351618458495229,0
-0.3765938447992082,-0.17485318002577954,-0.4136996581523865,0.06536440363599608,-0.3768098800456642,-0.35254468909682624,-0.3632654014807074,-0.312095237071584,-0.30202974277733075,-0.23776221093825842,-0.3578557624976426,-0.23776290109927897,-0.10291008442425745,-0.17389654508967328,0.16105576831983132,-0.06740296744351705,-0.019833409950634387,-0.24615046741224442,-0.3935152920539743,-0.3475998715903599,-0.16648930722482275,0
-0.3118871848446451,-0.2854212856029328,0.10132212459597074,-0.4427417027531922,-0.45709989176483906,-0.4210412535225827,0.12621282040442716,-0.6341457921798023,-0.24228687866514598,-0.2529845642178285,-0.42328660824201464,-0.2529856609408764,-0.4377183699898252,-0.45959654486548324,-0.40830200332747757,-0.06740296744351705,-0.6178407705833973,-0.43893557991941656,-0.44205526795352235,-0.47624080599785135,-0.2893801534330561,0
-0.5060071647083344,-0.395989391180086,-0.4136996581523865,-0.27337300062346276,-0.5204867431220823,-0.4581316941090592,0.0650280426687853,-0.6130073387557107,-0.5677556122850048,-0.25542145033138175,-0.4723597425502936,-0.25542173904520715,-0.4377183699898252,-0.3881715449215308,-0.4557484842980867,-0.06740296744351705,-0.6178407705833973,-0.49401704063575147,-0.5322009374812544,-0.4976809617324332,-0.41227099964128955,0
-0.33345607149616613,-0.2854212856029328,-0.4136996581523865,-0.10400429849373335,-0.47400305212677063,-0.4335106073119533,-0.5468197346876329,0.12124305812229277,-0.784648184170545,-0.24183783458701086,-0.4396443196781077,-0.24183839065062585,-0.4377183699898252,-0.45959654486548324,-0.40830200332747757,-0.06740296744351705,-0.31883709026701584,-0.5766392317102538,-0.4836609615817064,-0.45480065026326943,-0.2893801534330561,0
-0.5275760513598555,-0.5065574967572393,-0.4136996581523865,-0.4427417027531922,-0.5373899034840139,-0.46809293896758586,0.12621282040442716,-0.6378761074899362,-0.6197059289042959,-0.2564068755005379,-0.4723597425502936,-0.25640756856179303,-0.10291008442425745,-0.3881715449215308,-0.3134090413862594,-0.06740296744351705,-0.6178407705833973,-0.5215577709939189,-0.5460695020239825,-0.5191211174670152,-0.5351618458495229,0
8.466649682324418,9.997412533072318,6.281583517576258,10.058117829290033,8.142382942367837,8.863539910831976,-0.8527436233658419,6.8215110743409575,2.539912327880989,14.248802563559307,8.818820353150532,14.24880419419339,8.490502578425316,5.432965950510597,3.2925235123800305,-0.06740296744351705,5.6612365160606135,5.7026472899519245,8.114849054909666,8.110541565702203,9.357551273913264,0
2.3195169866409215,2.1470770370944385,-0.4136996581523865,3.4527384462305846,2.01498731116765,2.0473431747354938,-0.6691892901589164,0.6938464582278315,3.4680047342846243,0.597721101008746,2.0303701071719362,0.5977209450038511,-0.32611560813463597,1.611728453509139,-0.26596256041565036,-0.06740296744351705,1.6745207785088603,3.334144479149524,1.971074962481153,2.064417648550105,2.291327616939845,0
-0.33345607149616613,-0.395989391180086,-0.4136996581523865,-0.4427417027531922,-0.4486483115838733,-0.41639194242588723,-0.30208062374506556,-0.3991359276413727,-0.5152857924995208,-0.2481126782297661,-0.42328660824201464,-0.2481135047322147,-0.4377183699898252,-0.45959654486548324,-0.40830200332747757,-0.06740296744351705,-0.4185049837058097,-0.49401704063575147,-0.43512098568215835,-0.4655207281305604,-0.41227099964128955,0
-0.6138515979659397,-0.5065574967572393,-0.4136996581523865,-0.4427417027531922,-0.6219057052936716,-0.5140931901009688,-0.9139284011014837,-0.9978515349178481,-0.9968652275603493,-0.2596808475555688,-0.5214328768585726,-0.25968154112610026,-0.4377183699898252,-0.45959654486548324,-0.5031949652686958,-0.06740296744351705,-1.4151839180937478,-0.7143428835010911,-0.6223466070089866,-0.6156018182726337,-0.5351618458495229,0
-0.3550249581476872,-0.395989391180086,-0.4136996581523865,-0.4427417027531922,-0.4106162007695273,-0.3828172353188906,-0.24089584600942376,-0.40721827747999595,-0.341511983407992,-0.24433925702214265,-0.39057118536982866,-0.24433994820624283,-0.2145128462794467,-0.20960904506164954,-0.21851607944504128,-0.06740296744351705,-0.21916919682822203,-0.3563133888449142,-0.4073838565967023,-0.4119203387941056,-0.41227099964128955,0
-0.3765938447992082,-0.5065574967572393,-0.4136996581523865,-0.4427417027531922,-0.33455197914083534,-0.3507868223570862,-0.5468197346876329,-0.034186746466615674,-0.4971031816827689,-0.22854240922229885,-0.3578557624976426,-0.22854363687467605,-0.4377183699898252,-0.24532154503362577,-0.3134090413862594,-0.06740296744351705,-0.5181728771446035,-0.43893557991941656,-0.36577816296851823,-0.28327940438661414,-0.5351618458495229,0
-0.3765938447992082,-0.2854212856029328,-0.4136996581523865,-0.27337300062346276,-0.347229349412284,-0.3422384423547993,-0.485634956951991,-0.1317966637484502,-0.411644910844035,-0.23023463510753292,-0.3578557624976426,-0.2302351893662348,0.00869267743093182,0.2189409546020654,0.06616280637861316,-0.06740296744351705,-0.21916919682822203,-0.32877265848674675,-0.37964672751124623,-0.2939994822539051,-0.2893801534330561,0
-0.4628693914052924,-0.2854212856029328,0.10132212459597074,-0.4427417027531922,-0.5458414836649796,-0.4755898846582527,0.3709519313469943,-0.6994263101071437,-0.616329158324042,-0.25740739058204654,-0.48871745398638666,-0.25740794906755354,-0.4377183699898252,-0.45959654486548324,-0.5506414462393048,-0.06740296744351705,-0.7175086640221912,-0.5766392317102538,-0.5391352197526185,-0.551281351068888,-0.2893801534330561,0
-0.5275760513598555,-0.5065574967572393,-0.4136996581523865,-0.4427417027531922,-0.6007767548412573,-0.505599572302412,2.1453104856806067,-0.8735076912467212,-0.7955577506605963,-0.2594718792157601,-0.5050751654224797,-0.2594729769479296,-0.4377183699898252,-0.45959654486548324,-0.5506414462393048,-0.06740296744351705,-1.1161802377773664,-0.6592614227847562,-0.6015437601948945,-0.5941616625380518,-0.5351618458495229,0
-0.18247386493551887,-0.17485318002577954,0.10132212459597074,-0.27337300062346276,-0.35568092959324976,-0.34383202248334854,-0.485634956951991,-0.07957224940657696,-0.4500881451423104,-0.2287471335242585,-0.3578557624976426,-0.22874735072312183,-0.4377183699898252,-0.45959654486548324,-0.3134090413862594,-0.06740296744351705,0.07983448348815944,-0.3563133888449142,-0.3519095984257902,-0.35831994945765083,-0.16648930722482275,0
-0.5275760513598555,-0.5065574967572393,-0.4136996581523865,-0.4427417027531922,-0.5289383233030481,-0.4637119626691684,0.24858237587571072,-0.6782878566830522,-0.5321696454007904,-0.25649350776520397,-0.4723597425502936,-0.25649366191441,-0.2145128462794467,-0.20960904506164954,-0.4557484842980867,-0.06740296744351705,-0.6178407705833973,-0.5215577709939189,-0.5252666552098905,-0.5298411953343061,-0.5351618458495229,0
0.83126380768597,1.483668403631519,4.221496386582829,1.5896827228035608,1.1402487624376925,0.989786448738273,-0.7303740678945583,1.2757756466087047,0.9536094099109353,0.41686850146516424,0.9834765752619837,0.4168679131339511,-0.4377183699898252,0.18322845463008916,0.588074097055313,-0.06740296744351705,1.5748528850700667,1.0482638594216258,1.2221724771738398,1.0031299396883004,1.6768733858986782,0
-0.4628693914052924,-0.5065574967572393,-0.4136996581523865,-0.4427417027531922,-0.5500672737554626,-0.4799927658381622,1.778201819266756,-0.8554778339144079,-0.2893019152056045,-0.25872203183006975,-0.48871745398638666,-0.2587223884230014,-0.4377183699898252,-0.45959654486548324,-0.5031949652686958,-0.06740296744351705,-1.1161802377773664,-0.5215577709939189,-0.5599380665667105,-0.5298411953343061,-0.5351618458495229,0
-0.2040427515870399,-0.17485318002577954,-0.4136996581523865,0.06536440363599608,-0.18664932597393427,-0.20316434976153805,-0.5468197346876329,0.11253898906531386,-0.1711149448967172,-0.1913682080451071,-0.2106363595728056,-0.1913694972806143,0.00869267743093182,0.11180345468613666,0.35084169220226763,-0.06740296744351705,0.3788381638045409,-0.025824624546904842,-0.23402679981260205,-0.11175815850995888,-0.16648930722482275,0
-0.4844382780568134,-0.5065574967572393,-0.4136996581523865,-0.4427417027531922,-0.5880993845698086,-0.49930739509381,1.533462708324189,-0.8424217303289396,-0.7163335178161773,-0.2592261292145923,-0.5050751654224797,-0.2592268227143909,-0.4377183699898252,-0.423884044893507,-0.4557484842980867,-0.06740296744351705,-1.0165123443385726,-0.6317206924265887,-0.5876751956521665,-0.5834415846707609,-0.5351618458495229,0
-0.4628693914052924,-0.395989391180086,-0.4136996581523865,-0.4427417027531922,-0.4444225214933904,-0.412323110688732,-0.24089584600942376,-0.42773501168573186,-0.47034876862383396,-0.24820469974884374,-0.42328660824201464,-0.2482056609969878,-0.10291008442425745,-0.3524590449495545,-0.5031949652686958,-0.06740296744351705,-0.4185049837058097,-0.466476310277584,-0.43512098568215835,-0.45480065026326943,-0.41227099964128955,0
0.292041641397944,0.04628303112852694,-0.4136996581523865,0.4041018078954549,0.016188598369244318,-0.02857149182885754,-0.6080045124232746,0.17781950699265545,0.22110994557893068,-0.14674369947231572,-0.0307015337757826,-0.1467440386466756,-0.32611560813463597,0.11180345468613666,0.018716325408004088,-0.06740296744351705,0.87717763099851,0.19450121831843475,0.06414733785605037,-0.05815776917350411,0.07929238519164403,0
-0.5275760513598555,-0.5065574967572393,-0.4136996581523865,-0.4427417027531922,-0.5838735944793256,-0.49766452898190344,1.1051692641746962,-0.8113357694111579,-0.7371136444638937,-0.2590745564342668,-0.5050751654224797,-0.2590752499104878,-0.4377183699898252,-0.45959654486548324,-0.4557484842980867,-0.06740296744351705,-0.9168444508997787,-0.6592614227847562,-0.5738066311094385,-0.5941616625380518,-0.5351618458495229,0
0.03321500157969151,-0.395989391180086,-0.4136996581523865,-0.27337300062346276,0.2781875839791833,0.18905350579502808,-0.6080045124232746,0.1697371571540323,0.7787965944870207,-0.09721591250451457,0.18194871489342646,-0.09721610924329462,-0.32611560813463597,-0.17389654508967328,0.018716325408004088,-0.06740296744351705,0.2791702703657471,0.5525307129746115,0.18896441874060255,0.4135256569872979,-0.41227099964128955,0
-0.2040427515870399,-0.2854212856029328,-0.4136996581523865,-0.10400429849373335,-0.3218746088693867,-0.30717420330634077,-0.3632654014807074,-0.3183124292551403,-0.09890400479590253,-0.23186306569366996,-0.30878262818936364,-0.23186368757136983,-0.4377183699898252,-0.45959654486548324,-0.5506414462393048,-0.06740296744351705,0.17950237692695326,-0.13598754597957463,-0.31723818706897017,-0.32615971585577797,-0.2893801534330561,0
-0.2040427515870399,-0.17485318002577954,-0.4136996581523865,-0.10400429849373335,-0.3683582998646984,-0.34414416704461087,-0.30208062374506556,-0.3599676168849678,-0.21137644027666783,-0.23822474369813174,-0.3578557624976426,-0.23822489500557564,-0.4377183699898252,-0.3524590449495545,-0.40830200332747757,-0.06740296744351705,-0.019833409950634387,-0.19106900669590954,-0.38658100978261023,-0.3368797937230689,-0.16648930722482275,0
0.37831718800402814,0.04628303112852694,0.616343907344328,0.06536440363599608,0.552863939860571,0.4490370680042372,-0.6691892901589164,0.5421469689490568,0.8476307640075815,0.033775844148630864,0.44367209787091444,0.03377553305463755,2.3523506763899062,0.004665954770207932,1.3472177925850581,-0.06740296744351705,0.9768455244373038,0.7728565558399512,0.563415661394259,0.5314465135274984,0.07929238519164403,0
-0.5060071647083344,-0.5065574967572393,-0.4136996581523865,-0.4427417027531922,-0.5796478043888428,-0.49499760966024187,0.8604301532321287,-0.7802498084933762,-0.7381526507962796,-0.25885871679508327,-0.5050751654224797,-0.25885941023772974,-0.4377183699898252,-0.423884044893507,-0.3608555223568685,-0.06740296744351705,-0.8171765574609849,-0.6592614227847562,-0.5668723488380745,-0.5941616625380518,-0.5351618458495229,0
-0.5707138246628976,-0.5065574967572393,-0.4136996581523865,-0.4427417027531922,-0.5965509647507743,-0.5051943319948085,3.1854517071865174,-0.9045936521645029,-0.7152945114837915,-0.25951661002737614,-0.5050751654224797,-0.2595178424978849,-0.4377183699898252,-0.45959654486548324,-0.5506414462393048,-0.06740296744351705,-1.2158481312161602,-0.6592614227847562,-0.5946094779235306,-0.5941616625380518,-0.5351618458495229,0
-0.5922827113144186,-0.5065574967572393,-0.4136996581523865,-0.4427417027531922,-0.6219057052936716,-0.5140931901009688,-0.9139284011014837,-0.9978515349178481,-0.9968652275603493,-0.2596808475555688,-0.5214328768585726,-0.25968154112610026,-0.4377183699898252,-0.031046545201768312,-0.1710695984744322,-0.06740296744351705,-1.4151839180937478,-0.7143428835010911,-0.6223466070089866,-0.6156018182726337,-0.5351618458495229,0
-0.031491658374871605,-0.17485318002577954,-0.4136996581523865,-0.10400429849373335,0.01196280827876143,-0.014278556655270676,-0.6080045124232746,0.15419417669514143,0.2829308223558872,-0.14578010078352638,-0.0307015337757826,-0.14578124819628302,0.3435009629964996,-0.24532154503362577,0.3033952112316585,-0.06740296744351705,1.0765134178760976,0.3872863308256069,0.02254164422786631,-0.004557379837049338,-0.22793473032893943,0
1.6508815004437694,1.3731002980543658,1.6463874728410424,1.0815766164143725,1.5543761913050154,1.3292902069841315,-0.7915588456302002,3.0383496306469264,0.3499467307947726,1.2124267346862692,1.310630803983844,1.2124262701065702,0.5667064867068782,2.1474159530887826,1.869129083261758,-0.06740296744351705,2.1728602457028297,0.8003972861981186,1.6104922843702245,1.4533732101145205,1.5539825396904448,1
-0.4844382780568134,-0.395989391180086,-0.4136996581523865,-0.4427417027531922,-0.5754220142983599,-0.492264975694104,0.7380605977608453,-0.7647068280344853,-0.720749294728817,-0.25867379800308615,-0.5050751654224797,-0.25867509770818353,-0.32611560813463597,-0.24532154503362577,-0.40830200332747757,-0.06740296744351705,-0.9168444508997787,-0.6041799620684213,-0.5807409133808025,-0.562001428936179,-0.41227099964128955,0
0.2489038680949019,0.15685113670568018,-0.4136996581523865,0.5734705100251843,0.4852512984128448,0.38022288279684546,-0.30208062374506556,-0.3661848090685241,3.179940228630656,-0.14794799573626197,0.36188354069044953,-0.14794813300088192,-0.32611560813463597,-0.45959654486548324,-0.3608555223568685,-0.06740296744351705,-0.5181728771446035,1.0482638594216258,0.29297865281106267,0.7780083044751903,0.2021832313998774,0
-0.5275760513598555,-0.395989391180086,-0.4136996581523865,-0.27337300062346276,-0.5120351629411166,-0.4524364249211165,0.0650280426687853,-0.6067901465721545,-0.5316501422345974,-0.25491337837173067,-0.4560020311142007,-0.2549136670065239,-0.2145128462794467,-0.24532154503362577,-0.3608555223568685,-0.06740296744351705,-0.4185049837058097,-0.5215577709939189,-0.4975295261244344,-0.5298411953343061,-0.41227099964128955,0
-0.4628693914052924,-0.0642850744486263,0.616343907344328,-0.4427417027531922,-0.49513200257918505,-0.4461880574754987,0.0650280426687853,-0.5980860775151755,-0.4958044237672866,-0.25431085972851675,-0.4560020311142007,-0.2543110135382052,-0.4377183699898252,-0.45959654486548324,-0.5506414462393048,-0.06740296744351705,-0.6178407705833973,-0.5215577709939189,-0.4836609615817064,-0.5084010395997242,-0.04359846101658937,0
0.6371438278222806,1.7048046147858256,0.616343907344328,1.9284201270630197,2.7925326878165015,2.6443661960227014,-0.8527436233658419,3.5469159512618345,1.052574763070685,2.5806910641046237,2.619247718871284,2.580690947094003,1.3479258196932031,0.8617659540976377,1.7742361213205398,-0.06740296744351705,2.870535499774386,1.929567230882984,2.768517423688014,2.804103021393181,1.922655078315145,0
-0.5922827113144186,-0.5065574967572393,-0.4136996581523865,-0.4427417027531922,-0.5965509647507743,-0.503332417067981,1.533462708324189,-0.8424217303289396,-0.7927004832465353,-0.2593498799690181,-0.5050751654224797,-0.2593505061223758,-0.4377183699898252,-0.45959654486548324,-0.5506414462393048,-0.06740296744351705,-1.0165123443385726,-0.6592614227847562,-0.5946094779235306,-0.5941616625380518,-0.5351618458495229,0
2.4273614198985265,0.8202597701685996,-0.4136996581523865,1.4203140206738314,2.3107926175014524,2.222335796755405,-0.6691892901589164,0.7752916758324194,3.553463005123359,0.700518097453903,2.210304932968959,0.7005176206109419,0.7899120104172567,1.5760159535371625,3.8618812840273393,-0.06740296744351705,0.87717763099851,2.6456262201953376,2.179103430622073,2.493220763241743,0.9395283086492777,1
-0.18247386493551887,-0.395989391180086,-0.4136996581523865,-0.27337300062346276,-0.1443914250691054,-0.1991776613299782,-0.5468197346876329,-0.03853878099510513,-0.028771077359859468,-0.19991152360105388,-0.2106363595728056,-0.19991214050859374,-0.32611560813463597,0.2189409546020654,0.7304135399671402,-0.06740296744351705,-0.31883709026701584,-0.13598754597957463,-0.21322395299851002,-0.0367176134389222,-0.41227099964128955,1
-0.3765938447992082,-0.2854212856029328,-0.4136996581523865,-0.10400429849373335,-0.4190677809504931,-0.38242294745203304,-0.057341512802498266,-0.546483382391658,-0.13708748751108146,-0.24791401683901948,-0.39057118536982866,-0.24791464121349382,-0.4377183699898252,-0.45959654486548324,-0.5506414462393048,-0.06740296744351705,-0.21916919682822203,-0.24615046741224442,-0.4212524211394303,-0.4119203387941056,-0.2893801534330561,0
-0.5922827113144186,-0.5065574967572393,-0.4136996581523865,-0.4427417027531922,-0.5669704341173941,-0.48757185483442433,0.49332148681827803,-0.7255385172780805,-0.709320225072573,-0.25825343615898344,-0.48871745398638666,-0.2582543316045485,-0.4377183699898252,-0.45959654486548324,-0.5506414462393048,-0.06740296744351705,-0.8171765574609849,-0.6041799620684213,-0.5668723488380745,-0.562001428936179,-0.5351618458495229,0
-0.5275760513598555,-0.5065574967572393,-0.4136996581523865,-0.4427417027531922,-0.5627446440269113,-0.4836946908103249,0.6156910422895616,-0.7491638475755945,-0.6363300302224689,-0.25818512735931676,-0.48871745398638666,-0.25818642698839994,-0.32611560813463597,-0.423884044893507,-0.5506414462393048,-0.06740296744351705,-0.7175086640221912,-0.5766392317102538,-0.5599380665667105,-0.562001428936179,-0.5351618458495229,0
0.03321500157969151,0.04628303112852694,0.3588330159701494,-0.27337300062346276,-0.22468143678828026,-0.24107622340396784,-0.6691892901589164,0.42277687902477523,-0.43008727324388335,-0.1829284335395426,-0.24335178244499162,-0.1829287109768578,-0.2145128462794467,0.040378454742184176,-0.07617663653321406,-0.06740296744351705,0.5781739506821285,-0.24615046741224442,-0.22709251754123805,-0.21895893718286843,0.07929238519164403,0
-0.5060071647083344,-0.5065574967572393,-0.4136996581523865,-0.4427417027531922,-0.5838735944793256,-0.49590118602179045,1.1051692641746962,-0.8113357694111579,-0.709320225072573,-0.25900948118724704,-0.5050751654224797,-0.25900977045920165,-0.4377183699898252,-0.45959654486548324,-0.5506414462393048,-0.06740296744351705,-0.9168444508997787,-0.6041799620684213,-0.5876751956521665,-0.5727215068034699,-0.5351618458495229,0
-0.4628693914052924,-0.2854212856029328,-0.4136996581523865,-0.4427417027531922,-0.45287410167435616,-0.4204662503834154,-0.485634956951991,-0.11874056016298183,-0.6828255635967345,-0.24339209555930863,-0.42328660824201464,-0.24339292132745619,-0.4377183699898252,-0.45959654486548324,-0.5031949652686958,-0.06740296744351705,-0.4185049837058097,-0.5215577709939189,-0.46979239703897835,-0.42264041666139657,-0.2893801534330561,0
2.039121460171148,1.3731002980543658,-0.4136996581523865,1.5896827228035608,1.2247645642473501,1.2008345056941598,-0.7915588456302002,1.504568318963578,1.0240020889300747,0.5894397705828819,1.1797691124950997,0.5894390069985851,1.0131175341276353,1.326028453733329,0.4457346541434858,-0.06740296744351705,3.0698712866519737,1.929567230882984,1.242975323987932,1.1853712634322466,1.308200847273978,0
0.6371438278222806,0.8202597701685996,-0.4136996581523865,0.4041018078954549,0.02886596864069298,-0.010686156090568416,-0.485634956951991,-0.13366182140351707,0.7206122398734147,-0.17358737359932266,-0.014343822339689581,-0.1735881885091324,0.00869267743093182,0.07609095471416041,-0.5506414462393048,-0.06740296744351705,0.4785060572433347,0.4148270611837743,0.050278773313322346,-0.004557379837049338,0.5708557700245775,0
-0.5275760513598555,-0.5065574967572393,-0.4136996581523865,-0.4427417027531922,-0.5585188539364283,-0.48268159004131583,0.8604301532321287,-0.7802498084933762,-0.5711323828652587,-0.25832841416098445,-0.48871745398638666,-0.25832951171528445,-0.4377183699898252,-0.31674654497757826,-0.5506414462393048,-0.06740296744351705,-0.8171765574609849,-0.5766392317102538,-0.5530037842953465,-0.562001428936179,-0.5351618458495229,0
-0.4844382780568134,-0.5065574967572393,-0.4136996581523865,-0.4427417027531922,-0.5754220142983599,-0.492264975694104,0.3709519313469943,-0.7075086599457671,-0.7750373755959763,-0.25842764380783756,-0.5050751654224797,-0.2584289434746449,-0.4377183699898252,-0.3524590449495545,-0.5506414462393048,-0.06740296744351705,-0.8171765574609849,-0.6317206924265887,-0.5738066311094385,-0.5727215068034699,-0.5351618458495229,0
-0.3118871848446451,-0.2854212856029328,-0.4136996581523865,-0.10400429849373335,-0.3176488187789038,-0.31793497633932855,-0.24089584600942376,-0.4383042383977776,0.036946073163543626,-0.23796329749349024,-0.32514033962545663,-0.2379641897828623,0.6783092485620674,-0.24532154503362577,-0.12362311750382314,-0.06740296744351705,-0.31883709026701584,-0.218609737054077,-0.31030390479760617,-0.32615971585577797,-0.2893801534330561,0
-0.5060071647083344,-0.395989391180086,-0.4136996581523865,-0.27337300062346276,-0.5204867431220823,-0.4581316941090592,0.0650280426687853,-0.6130073387557107,-0.5677556122850048,-0.25542145033138175,-0.4723597425502936,-0.25542173904520715,-0.4377183699898252,-0.3881715449215308,-0.4557484842980867,-0.06740296744351705,-0.6178407705833973,-0.49401704063575147,-0.5322009374812544,-0.4976809617324332,-0.41227099964128955,0
-0.031491658374871605,-0.0642850744486263,-0.4136996581523865,-0.27337300062346276,-0.15706879534055407,-0.2023045831629736,-0.6080045124232746,0.29408100082515903,-0.2851458898760612,-0.17998832579530874,-0.2106363595728056,-0.17998941116356865,-0.4377183699898252,0.1475159546581129,-0.26596256041565036,-0.06740296744351705,0.17950237692695326,-0.218609737054077,-0.16468397709896196,-0.14391839211183174,-0.04359846101658937,0
-0.5060071647083344,-0.395989391180086,-0.4136996581523865,-0.27337300062346276,-0.5204867431220823,-0.4581316941090592,0.0650280426687853,-0.6130073387557107,-0.5677556122850048,-0.25542145033138175,-0.4723597425502936,-0.25542173904520715,-0.4377183699898252,-0.3881715449215308,-0.4557484842980867,-0.06740296744351705,-0.6178407705833973,-0.49401704063575147,-0.5322009374812544,-0.4976809617324332,-0.41227099964128955,0
-0.5060071647083344,-0.5065574967572393,-0.4136996581523865,-0.4427417027531922,-0.5923251746602914,-0.5017935991431619,1.533462708324189,-0.8424217303289396,-0.7636083059397322,-0.25930258926155647,-0.5050751654224797,-0.2593032154075581,-0.4377183699898252,-0.423884044893507,-0.4557484842980867,-0.06740296744351705,-1.0165123443385726,-0.6592614227847562,-0.5876751956521665,-0.5941616625380518,-0.5351618458495229,0
-0.3550249581476872,-0.395989391180086,-0.4136996581523865,-0.4427417027531922,-0.5247125332125653,-0.4592871766077668,-0.11852629053814014,-0.5091802292903199,-0.6659417106954649,-0.2543836820287531,-0.4723597425502936,-0.2543849810665099,-0.4377183699898252,-0.423884044893507,-0.3608555223568685,-0.06740296744351705,-0.4185049837058097,-0.5215577709939189,-0.5322009374812544,-0.5084010395997242,-0.41227099964128955,0
1.521468180534643,1.483668403631519,1.6463874728410424,0.7428392121549137,2.2347283958727604,2.162343802568951,-0.7915588456302002,3.0234283694063917,0.9658177343164687,1.8698530554500155,2.144874087224587,1.869853299426205,4.4728031516385025,2.254553453004711,3.434862955291858,-0.06740296744351705,3.3688749669683555,2.039730152315654,2.234577688792985,2.2144987386921784,1.6768733858986782,0
-0.5922827113144186,-0.5065574967572393,-0.4136996581523865,-0.4427417027531922,-0.5796478043888428,-0.49499760966024187,0.8604301532321287,-0.7802498084933762,-0.7381526507962796,-0.25885871679508327,-0.5050751654224797,-0.25885941023772974,-0.4377183699898252,-0.3524590449495545,-0.21851607944504128,-0.06740296744351705,-0.8171765574609849,-0.6592614227847562,-0.5668723488380745,-0.5941616625380518,-0.5351618458495229,0
-0.26874941154160303,-0.395989391180086,-0.4136996581523865,-0.27337300062346276,-0.1105851043452423,-0.17140774781838472,-0.6691892901589164,0.5203867963066098,-0.3313816716672302,-0.15673248042712667,-0.17792093670061962,-0.1567332927151063,-0.10291008442425745,0.18322845463008916,0.06616280637861316,-0.06740296744351705,0.07983448348815944,-0.19106900669590954,-0.185486823913054,0.006162698030241616,-0.41227099964128955,0
-0.07462943167791368,0.04628303112852694,-0.4136996581523865,-0.27337300062346276,0.552863939860571,0.3770959609638501,-0.7303740678945583,1.0855295657918806,0.2644884599560388,0.10772550904223811,0.36188354069044953,0.10772487262288799,1.1247202959828244,-0.28103404500560203,-0.028730155562604987,-0.06740296744351705,0.4785060572433347,0.3046641397511045,0.4455328627810709,0.7136878372714446,0.07929238519164403,0
-0.26874941154160303,-0.2854212856029328,-0.4136996581523865,-0.4427417027531922,-0.2415845971502118,-0.2627127700977769,-0.4244501792163492,-0.19645546245743606,-0.07214959173696758,-0.21980575416433684,-0.27606720531717766,-0.21980698045770067,-0.32611560813463597,-0.06675904517374455,-0.1710695984744322,-0.06740296744351705,-0.1195013033894282,-0.19106900669590954,-0.24096108208396605,-0.24039909291745032,-0.2893801534330561,0
-0.3118871848446451,-0.2854212856029328,-0.4136996581523865,-0.27337300062346276,-0.33032618905035244,-0.3207223725091966,-0.11852629053814014,-0.5185060175656543,0.19201776827212774,-0.24133063838120164,-0.32514033962545663,-0.24133153119437384,-0.2145128462794467,0.18322845463008916,-0.07617663653321406,-0.06740296744351705,-0.31883709026701584,-0.13598754597957463,-0.33110675161169817,-0.32615971585577797,-0.2893801534330561,0
0.07635277488273359,-0.0642850744486263,0.616343907344328,-0.4427417027531922,0.02886596864069298,-0.045246582864708895,-0.6080045124232746,0.29283756238844777,0.07435030112943335,-0.13995128530900897,-0.04705924521187562,-0.13995236444938494,0.7899120104172567,0.5403534543498516,0.2085022492904404,-0.06740296744351705,0.3788381638045409,0.029256836169430055,0.03641020877059433,0.016882775897532572,-0.04359846101658937,0
0.5940060545192385,0.4885554534371399,0.616343907344328,-0.4427417027531922,0.16409125153614537,0.054727296265176806,-0.7303740678945583,1.0861512850102366,-0.19189507154443367,-0.025135779966282155,0.0510870234046824,-0.025136571783992933,0.23189820114131035,-0.24532154503362577,-0.12362311750382314,-0.06740296744351705,0.5781739506821285,0.001716105811262606,0.09188446694150641,0.27416464471251545,0.5708557700245775,1
-0.5275760513598555,-0.5065574967572393,-0.4136996581523865,-0.4427417027531922,-0.5585188539364283,-0.4816684892723068,0.6156910422895616,-0.7491638475755945,-0.6124328845775951,-0.25808542615270263,-0.48871745398638666,-0.2580857826466083,-0.32611560813463597,-0.20960904506164954,-0.3134090413862594,-0.06740296744351705,-0.7175086640221912,-0.5766392317102538,-0.5530037842953465,-0.562001428936179,-0.5351618458495229,0
-0.3550249581476872,-0.395989391180086,-0.4136996581523865,-0.4427417027531922,-0.4697772620362877,-0.43127083317938736,-0.24089584600942376,-0.4202743810654643,-0.5737298986962233,-0.25022041563013253,-0.4396443196781077,-0.2502209729976836,-0.10291008442425745,-0.45959654486548324,-0.3608555223568685,-0.06740296744351705,-0.5181728771446035,-0.5215577709939189,-0.46285811476761435,-0.47624080599785135,-0.41227099964128955,0
-0.4197316181022503,-0.5065574967572393,-0.4136996581523865,-0.4427417027531922,-0.533164113393531,-0.4740729716149256,1.9617561524736813,-0.8648036221897424,-0.11085257761833951,-0.25862583363882313,-0.48871745398638666,-0.2586265944109346,-0.4377183699898252,-0.45959654486548324,-0.5506414462393048,-0.06740296744351705,-1.2158481312161602,-0.5215577709939189,-0.5460695020239825,-0.5084010395997242,-0.5351618458495229,0
-0.09619831832943472,0.2674192422828334,1.3888765814668638,-0.4427417027531922,0.2612844236172518,0.1020308878473389,-0.6691892901589164,0.4333461057368209,0.2725407590320288,-0.08520090662231229,0.10016015771296145,-0.0852018425147183,-0.4377183699898252,-0.28103404500560203,-0.40830200332747757,-0.06740296744351705,0.17950237692695326,-0.05336535490507229,0.3761900400674308,0.0812032431012783,0.3250740776081108,0
0.4645927346101123,0.4885554534371399,0.10132212459597074,0.4041018078954549,0.8190887155609929,0.7017427333377004,-0.7915588456302002,1.903712057147895,0.23903280481258607,0.4382948296919773,0.6890377694123095,0.43829424469369505,0.901514772272446,0.43321595443392286,0.9201994638495764,-0.06740296744351705,2.073192352264036,0.7728565558399512,0.7714441295351794,0.8852090831480999,0.5708557700245775,0
-0.5060071647083344,-0.395989391180086,-0.4136996581523865,-0.4427417027531922,-0.5120351629411166,-0.456324541385962,-0.4244501792163492,-0.2517884728910875,-0.7685435860185649,-0.2511534976658163,-0.4560020311142007,-0.2511546614697267,-0.4377183699898252,-0.45959654486548324,-0.5031949652686958,-0.06740296744351705,-0.5181728771446035,-0.5766392317102538,-0.5252666552098905,-0.4869608838651423,-0.41227099964128955,0
0.5292993945646755,0.9308278757457529,1.6463874728410424,0.2347331057657255,0.9205076777325822,0.7304655091941996,-0.7915588456302002,2.0945798571830747,0.18993975560735596,0.5018990797200877,0.7217531922844956,0.5018990435411659,-0.32611560813463597,0.3617909544899704,0.5406276160847039,-0.06740296744351705,1.5748528850700667,0.46990852190010923,0.9517354685906435,0.863768927413518,1.0624191548575113,0
-0.29031829819312405,-0.5065574967572393,-0.4136996581523865,-0.4427417027531922,-0.4190677809504931,-0.392712765532941,0.6768758200252034,-0.7566244781958622,0.48605656033731537,-0.2538837613163995,-0.40692889680592165,-0.253884184522414,-0.4377183699898252,-0.13818404511769705,-0.5031949652686958,-0.06740296744351705,-0.9168444508997787,-0.24615046741224442,-0.44205526795352235,-0.37976010519223274,-0.5351618458495229,0
-0.4628693914052924,-0.5065574967572393,-0.4136996581523865,-0.4427417027531922,-0.47400305212677063,-0.43707015055441745,-0.179711068273782,-0.48493317977445016,-0.5539887783808926,-0.25186407085998225,-0.4396443196781077,-0.25186644735685576,-0.4377183699898252,-0.28103404500560203,-0.40830200332747757,-0.06740296744351705,-0.6178407705833973,-0.5490985013520864,-0.45592383249625035,-0.4976809617324332,-0.5351618458495229,0
0.22733498144338085,0.2674192422828334,0.8738547987185067,0.4041018078954549,0.16409125153614537,0.09564561489239558,-0.485634956951991,-0.07770709175151,0.9569861804911891,-0.14865270811625533,0.08380244627686843,-0.1486538559758548,-0.32611560813463597,-0.13818404511769705,-0.4557484842980867,-0.06740296744351705,0.3788381638045409,0.46990852190010923,0.20283298328333055,0.1026433988358602,0.3250740776081108,0
-0.18247386493551887,-0.0642850744486263,-0.4136996581523865,-0.27337300062346276,-0.1443914250691054,-0.18412900774491434,-0.6080045124232746,0.3767696568664582,-0.28878241203941146,-0.1699550834916023,-0.19427864813671258,-0.1699552915451826,0.6783092485620674,0.3260784545179941,-0.26596256041565036,-0.06740296744351705,0.4785060572433347,-0.19106900669590954,-0.1300125657421419,-0.16535854784641366,-0.04359846101658937,0
0.011646114928170474,-0.5065574967572393,-0.4136996581523865,-0.4427417027531922,1.3219577363284567,0.9387480748617102,-0.6691892901589164,0.4215334405880638,2.02170791960356,0.1483269391967899,0.9180457295176117,0.14832577016759133,-0.4377183699898252,-0.1024715451457208,-0.3608555223568685,-0.06740296744351705,-0.21916919682822203,0.4148270611837743,1.5688865907420404,0.9280893946172637,-0.5351618458495229,0
-0.5060071647083344,-0.5065574967572393,-0.4136996581523865,-0.4427417027531922,-0.571196224207877,-0.4904413943098877,1.533462708324189,-0.8424217303289396,-0.5482742435527707,-0.258953567672727,-0.5050751654224797,-0.25895399166736527,-0.2145128462794467,-0.3881715449215308,-0.40830200332747757,-0.06740296744351705,-1.0165123443385726,-0.5766392317102538,-0.5738066311094385,-0.562001428936179,-0.5351618458495229,0
-0.5275760513598555,-0.5065574967572393,-0.4136996581523865,-0.4427417027531922,-0.5458414836649796,-0.4755898846582527,0.8604301532321287,-0.7846018430218656,-0.46411473062951897,-0.25805693047000144,-0.48871745398638666,-0.2580578932506901,-0.4377183699898252,-0.45959654486548324,-0.5506414462393048,-0.06740296744351705,-0.9168444508997787,-0.5215577709939189,-0.5530037842953465,-0.5298411953343061,-0.5351618458495229,0
-0.3981627314507293,-0.5065574967572393,-0.4136996581523865,-0.4427417027531922,-0.5035835827601508,-0.4536302409624353,0.9216149309677706,-0.790819035205422,-0.13656798434488865,-0.25720152106352445,-0.4560020311142007,-0.25720181005424536,-0.4377183699898252,-0.45959654486548324,-0.5506414462393048,-0.06740296744351705,-1.0165123443385726,-0.466476310277584,-0.5113980906671625,-0.4869608838651423,-0.5351618458495229,0
-0.18247386493551887,0.04628303112852694,0.616343907344328,0.06536440363599608,0.1556396713551796,0.08433174360173253,-0.7303740678945583,0.8331115631394934,-0.033186854272499254,-0.04284972029168291,0.06744473484077541,-0.04284997593932625,-0.10291008442425745,-0.17389654508967328,0.2085022492904404,-0.06740296744351705,1.1761813113148916,0.19450121831843475,0.1542930073837825,0.15624378817231496,0.07929238519164403,0
-0.3118871848446451,-0.17485318002577954,-0.4136996581523865,-0.27337300062346276,-0.16552037552151982,-0.19019665991822243,-0.6691892901589164,0.6117795214048879,-0.4035926117680449,-0.15650505389095828,-0.19427864813671258,-0.15650532721803603,0.23189820114131035,-0.1024715451457208,-0.12362311750382314,-0.06740296744351705,0.87717763099851,-0.19106900669590954,-0.15774969482759793,-0.1760786257137046,-0.16648930722482275,0
-0.4628693914052924,-0.395989391180086,-0.4136996581523865,-0.4427417027531922,-0.5120351629411166,-0.45365762206430044,-0.179711068273782,-0.48493317977445016,-0.6493176093772918,-0.253547337109757,-0.4560020311142007,-0.2535482991889647,-0.10291008442425745,-0.3524590449495545,-0.5031949652686958,-0.06740296744351705,-0.4185049837058097,-0.5490985013520864,-0.5044638083957984,-0.5191211174670152,-0.41227099964128955,0
2.103828120125711,2.1470770370944385,2.418920146963578,0.9122079142846431,2.7122426760973264,2.587769458467521,-0.7915588456302002,2.37994897840831,1.7110450262201995,1.8135456537981351,2.5701745845630044,1.8135458216498455,3.2451727712314207,1.611728453509139,-0.4557484842980867,-0.06740296744351705,2.073192352264036,2.2600559951809935,2.5882260846325496,2.8791435664642178,2.4142184631480785,0
-0.4844382780568134,0.15685113670568018,-0.4136996581523865,-0.4427417027531922,-0.31342302868842087,-0.3236138168661522,-0.5468197346876329,0.01679422943854631,-0.443594355564899,-0.22140865315769906,-0.32514033962545663,-0.22140880184934875,1.2363230578380138,-0.3881715449215308,-0.07617663653321406,-0.06740296744351705,-0.1195013033894282,-0.38385411920308166,-0.31030390479760617,-0.315439637988487,0.2021832313998774,0
-0.4628693914052924,-0.5065574967572393,-0.4136996581523865,-0.4427417027531922,-0.5500672737554626,-0.4765646518846505,0.3097671536113526,-0.6869919257400311,-0.6407458071351088,-0.2573724951597316,-0.48871745398638666,-0.257372784177048,-0.4377183699898252,-0.45959654486548324,-0.5031949652686958,-0.06740296744351705,-0.5181728771446035,-0.6041799620684213,-0.5322009374812544,-0.5727215068034699,-0.5351618458495229,0
-0.44130050475377136,-0.5065574967572393,-0.4136996581523865,-0.4427417027531922,-0.533164113393531,-0.4759020292195149,0.18739759814006887,-0.6478236149836263,-0.6747732645207445,-0.25703822665485376,-0.48871745398638666,-0.2570393240084612,-0.4377183699898252,-0.45959654486548324,-0.5506414462393048,-0.06740296744351705,-1.0165123443385726,-0.6041799620684213,-0.5391352197526185,-0.5191211174670152,-0.5351618458495229,0
1.2626415407163907,2.036508931517285,1.6463874728410424,2.6058949355819374,1.0726361209899662,0.9114984022855537,-0.7915588456302002,1.9615319444549688,0.4237161803941659,0.5750772728446782,0.9016880180815185,0.5750771806831574,0.00869267743093182,1.7545784533970439,0.8727529828789673,-0.06740296744351705,1.873856565386448,0.8003972861981186,1.0904211140179236,1.0352901732901731,1.3696462703780947,1
0.35674830135250707,0.8202597701685996,0.10132212459597074,-0.27337300062346276,0.007737018188278543,-0.04136941884060945,-0.6691892901589164,0.7342582074209476,-0.19189507154443367,-0.09768518183240234,-0.04705924521187562,-0.09768537864417863,0.3435009629964996,0.040378454742184176,0.3982881731728767,-0.06740296744351705,1.0765134178760976,0.0567975665275975,-0.005195484857589729,0.027602853764823524,0.693746616232811,0
2.08225923347419,2.6999175649802045,1.3888765814668638,0.2347331057657255,2.289663667049038,2.0581258526499737,-0.7303740678945583,1.253393754747902,2.372632308366872,0.8859836966767513,2.0467278186080287,0.8859833160492213,0.3435009629964996,0.9331909540415902,-0.3134090413862594,-0.06740296744351705,0.9768455244373038,1.681700657659477,2.4079347455770854,2.0858578042846867,3.0286726941892455,0
-0.1393360916324768,0.04628303112852694,0.8738547987185067,-0.27337300062346276,-0.3218746088693867,-0.32454477432956585,-0.5468197346876329,0.0795878704924652,-0.47814131611672767,-0.219264268827334,-0.32514033962545663,-0.21926495611094313,-0.4377183699898252,-0.45959654486548324,-0.40830200332747757,-0.06740296744351705,0.07983448348815944,-0.38385411920308166,-0.31030390479760617,-0.3368797937230689,0.07929238519164403,0
-0.5491449380113765,-0.5065574967572393,-0.4136996581523865,-0.4427417027531922,-0.6050025449317401,-0.5077352982478905,3.1854517071865174,-0.9045936521645029,-0.7958175022436926,-0.2595635639064369,-0.5214328768585726,-0.25956392063027145,-0.32611560813463597,-0.423884044893507,-0.4557484842980867,-0.06740296744351705,-1.2158481312161602,-0.6592614227847562,-0.6084780424662586,-0.5941616625380518,-0.5351618458495229,0
0.03321500157969151,0.04628303112852694,-0.4136996581523865,0.4041018078954549,-0.10635931425475942,-0.1379042315762374,-0.4244501792163492,-0.19645546245743606,0.3878704619268552,-0.200043358237097,-0.14520551382843358,-0.20004431199359726,0.12029543928612109,1.1117534539014715,1.4421107545262764,-0.06740296744351705,0.17950237692695326,0.13941975760209985,-0.10227543665668586,-0.11175815850995888,0.07929238519164403,0
1.3057793140194327,1.3731002980543658,1.1313656900926852,2.097788829192749,1.871310448091232,1.772809294995166,-0.6080045124232746,0.3332493115815639,4.069589400736016,0.3426518663811436,1.7522890127583544,0.3426518054308311,0.00869267743093182,0.18322845463008916,-0.3608555223568685,-0.06740296744351705,0.6778418441209223,2.370218916613663,1.9572063979384249,1.7213751567967943,1.5539825396904448,1
-0.5275760513598555,-0.5065574967572393,-0.4136996581523865,-0.4427417027531922,-0.5965509647507743,-0.503332417067981,1.533462708324189,-0.8424217303289396,-0.7927004832465353,-0.2593498799690181,-0.5050751654224797,-0.2593505061223758,-0.4377183699898252,-0.45959654486548324,-0.5506414462393048,-0.06740296744351705,-1.0165123443385726,-0.6592614227847562,-0.5946094779235306,-0.5941616625380518,-0.5351618458495229,0
0.33517941470098606,1.0413959813229061,0.10132212459597074,-0.4427417027531922,0.3838323362412555,0.23199254973989195,-0.6691892901589164,0.3885823220152153,0.590216945158994,-0.0550377212404967,0.2146641377656125,-0.05503885453799893,0.45510372485168893,0.7903409541536852,0.49318113511409484,-0.06740296744351705,-0.019833409950634387,0.3046641397511045,0.26524152372560666,0.5636067471293712,1.1853100010657447,0
0.4645927346101123,0.9308278757457529,-0.4136996581523865,1.7590514249332903,-0.026069302535584555,-0.052907815166566376,-0.6691892901589164,0.4339678249551766,-0.04695368817661143,-0.12902807500491134,-0.06341695664796855,-0.12902820932647982,-0.32611560813463597,-0.45959654486548324,-0.5031949652686958,-0.06740296744351705,1.1761813113148916,0.22204194867660218,-0.04680117848577379,0.006162698030241616,0.5094103469204608,0
0.35674830135250707,-0.2854212856029328,-0.4136996581523865,-0.4427417027531922,0.007737018188278543,-0.0008672929617403244,-0.5468197346876329,-0.024860958191281146,0.5582675004381299,-0.16084683934196228,-0.014343822339689581,-0.16084758490425238,-0.4377183699898252,0.9331909540415902,0.11360928734922224,-0.06740296744351705,0.5781739506821285,0.8003972861981186,-0.15774969482759793,0.2634445668452245,-0.2893801534330561,0
-0.3981627314507293,-0.395989391180086,-0.4136996581523865,-0.27337300062346276,-0.4866804223982193,-0.43599133514093213,0.0650280426687853,-0.6179810925025558,-0.3906050326132221,-0.2538093222398397,-0.4396443196781077,-0.2538102169941093,-0.4377183699898252,-0.31674654497757826,-0.3608555223568685,-0.06740296744351705,-0.4185049837058097,-0.466476310277584,-0.46979239703897835,-0.5084010395997242,-0.41227099964128955,0
2.211672553383316,2.6999175649802045,-0.4136996581523865,3.7914758504900434,1.9304715093579923,1.7782033720625923,-0.8527436233658419,3.817985530464891,0.40683232749289633,1.9247241534355315,1.768646724194448,1.924723867021563,-0.10291008442425745,2.7902409525843552,2.0589150071441944,-0.06740296744351705,3.4685428604071493,1.2410489719287978,2.040417785194793,1.7428153125313761,1.4925371165863281,1
0.07635277488273359,0.04628303112852694,-0.4136996581523865,0.4041018078954549,-0.009166142173653006,-0.09150969257599692,-0.4244501792163492,-0.2517884728910875,0.6735972033329563,-0.19730009301024584,-0.09613237952015458,-0.1973002379517353,0.00869267743093182,-0.45959654486548324,-0.07617663653321406,-0.06740296744351705,-0.31883709026701584,0.029256836169430055,0.00867307968513829,-0.0367176134389222,0.07929238519164403,0
-0.22561163823856095,-0.17485318002577954,0.3588330159701494,-0.27337300062346276,-0.42751936113145883,-0.3960861172827224,-0.5468197346876329,-0.003100785548833986,-0.6469798451294237,-0.23645390206416883,-0.40692889680592165,-0.2364545246559873,-0.4377183699898252,-0.45959654486548324,-0.40830200332747757,-0.06740296744351705,0.07983448348815944,-0.49401704063575147,-0.4143181388680663,-0.4440805723959785,-0.16648930722482275,0
-0.16090497828399783,0.15685113670568018,0.616343907344328,-0.4427417027531922,-0.1824235358834514,-0.2539891510435532,-0.6691892901589164,0.694468177446187,-0.5435987150570344,-0.1725780336137151,-0.2597094938810846,-0.17257931992635328,0.6783092485620674,0.1475159546581129,0.5406276160847039,-0.06740296744351705,-0.1195013033894282,-0.466476310277584,-0.14388113028486993,-0.24039909291745032,0.2021832313998774,0
-0.247180524890082,-0.395989391180086,-0.4136996581523865,-0.27337300062346276,-0.37258408995518133,-0.3498065789103153,-0.24089584600942376,-0.40721827747999595,-0.1765697281417428,-0.2404816287143384,-0.3578557624976426,-0.24048272349251643,-0.4377183699898252,-0.24532154503362577,-0.5506414462393048,-0.06740296744351705,0.07983448348815944,-0.2736911977704119,-0.3449753161544262,-0.4119203387941056,-0.41227099964128955,0
-0.5491449380113765,-0.5065574967572393,-0.4136996581523865,-0.4427417027531922,-0.5965509647507743,-0.503332417067981,2.1453104856806067,-0.8735076912467212,-0.7415294213765335,-0.2594161004326002,-0.5050751654224797,-0.2594171981560932,-0.2145128462794467,-0.423884044893507,-0.40830200332747757,-0.06740296744351705,-1.1161802377773664,-0.6317206924265887,-0.6015437601948945,-0.5834415846707609,-0.5351618458495229,0
0.7449882610798858,0.7096916645914464,0.10132212459597074,0.7428392121549137,0.4852512984128448,0.39115889488176997,-0.485634956951991,-0.053460042235640354,1.8302710028614728,-0.09054212930394259,0.3782412521265426,-0.090543268124264,-0.4377183699898252,0.754628454181709,0.2559487302610495,-0.06740296744351705,0.17950237692695326,0.9656416683471234,0.4385985805097069,0.5528866692620803,0.8166374624410443,0
-0.4844382780568134,-0.5065574967572393,-0.4136996581523865,-0.4427417027531922,-0.5247125332125653,-0.4654588769681624,-0.057341512802498266,-0.5502136977017917,-0.6765915256024196,-0.25537321650439815,-0.4723597425502936,-0.2553744483303894,-0.4377183699898252,-0.45959654486548324,-0.5506414462393048,-0.06740296744351705,-0.7175086640221912,-0.5766392317102538,-0.5252666552098905,-0.5191211174670152,-0.5351618458495229,0
-0.33345607149616613,-0.17485318002577954,-0.4136996581523865,-0.27337300062346276,-0.16552037552151982,-0.19019665991822243,-0.6691892901589164,0.6117795214048879,-0.4035926117680449,-0.15650505389095828,-0.19427864813671258,-0.15650532721803603,0.3435009629964996,-0.1024715451457208,-0.07617663653321406,-0.06740296744351705,0.87717763099851,-0.19106900669590954,-0.15774969482759793,-0.1760786257137046,-0.16648930722482275,0
-0.44130050475377136,-0.395989391180086,-0.4136996581523865,-0.4427417027531922,-0.43597094131242464,-0.4011078113647834,-0.30208062374506556,-0.3885667009293269,-0.4500881451423104,-0.24605970912735733,-0.40692889680592165,-0.24606060267615096,0.12029543928612109,-0.31674654497757826,-0.26596256041565036,-0.06740296744351705,-0.1195013033894282,-0.43893557991941656,-0.4143181388680663,-0.4655207281305604,-0.41227099964128955,0
-0.29031829819312405,-0.2854212856029328,-0.4136996581523865,-0.10400429849373335,-0.19510090615490006,-0.2209565897534858,-0.485634956951991,-0.0920066337736896,-0.04253791126397164,-0.20713615596816884,-0.22699407100889862,-0.20713670663383169,-0.2145128462794467,-0.3881715449215308,-0.12362311750382314,-0.06740296744351705,0.17950237692695326,-0.13598754597957463,-0.17161825937032596,-0.22967901505015936,-0.2893801534330561,0
-0.5491449380113765,-0.5065574967572393,-0.4136996581523865,-0.4427417027531922,-0.6050025449317401,-0.5077352982478905,3.1854517071865174,-0.9045936521645029,-0.7958175022436926,-0.2595635639064369,-0.5214328768585726,-0.25956392063027145,-0.32611560813463597,-0.423884044893507,-0.4557484842980867,-0.06740296744351705,-1.2158481312161602,-0.6592614227847562,-0.6084780424662586,-0.5941616625380518,-0.5351618458495229,0
-0.3550249581476872,-0.5065574967572393,-0.4136996581523865,-0.4427417027531922,-0.2627135476026262,-0.3140359074337371,-0.4244501792163492,-0.1865079549637459,-0.26982054647337034,-0.227564596374999,-0.32514033962545663,-0.22756508285267754,-0.4377183699898252,-0.24532154503362577,-0.3134090413862594,-0.06740296744351705,-0.6178407705833973,-0.43893557991941656,-0.23402679981260205,-0.30471956012119605,-0.5351618458495229,0
-0.5491449380113765,-0.5065574967572393,-0.4136996581523865,-0.4427417027531922,-0.5669704341173941,-0.485720892348343,0.43213670908263613,-0.7180778866578128,-0.6978911554163291,-0.2581103514543562,-0.48871745398638666,-0.258111246877664,-0.2145128462794467,-0.45959654486548324,-0.5031949652686958,-0.06740296744351705,-0.6178407705833973,-0.6041799620684213,-0.5599380665667105,-0.5727215068034699,-0.5351618458495229,0
-0.3118871848446451,-0.5065574967572393,-0.4136996581523865,-0.4427417027531922,-0.25426196742166046,-0.29030196833706057,-0.485634956951991,-0.04537769239701706,-0.30410775544210233,-0.21750157844066864,-0.2924249167532706,-0.21750186125594215,-0.4377183699898252,-0.31674654497757826,-0.21851607944504128,-0.06740296744351705,-0.4185049837058097,-0.32877265848674675,-0.2895010579835141,-0.19751878144828652,-0.5351618458495229,0
-0.3981627314507293,-0.5065574967572393,-0.4136996581523865,-0.4427417027531922,-0.5373899034840139,-0.4728682031328608,2.1453104856806067,-0.8735076912467212,-0.019160268785290677,-0.2586665225096305,-0.4723597425502936,-0.2586678222135962,-0.4377183699898252,-0.45959654486548324,-0.5506414462393048,-0.06740296744351705,-1.1161802377773664,-0.49401704063575147,-0.5391352197526185,-0.5298411953343061,-0.5351618458495229,0
-0.22561163823856095,-0.17485318002577954,-0.4136996581523865,0.06536440363599608,-0.1105851043452423,-0.149349532155853,-0.485634956951991,-0.10008898361231289,0.20136882526360012,-0.19489008580307032,-0.1615632252645266,-0.1948908366608914,-0.2145128462794467,0.004665954770207932,-0.12362311750382314,-0.06740296744351705,0.3788381638045409,-0.025824624546904842,-0.04680117848577379,-0.20823885931557748,-0.16648930722482275,0
-0.4628693914052924,-0.395989391180086,-0.4136996581523865,-0.4427417027531922,-0.4444225214933904,-0.412323110688732,-0.485634956951991,-0.15853059013774243,-0.63918729763653,-0.24277960679543334,-0.42328660824201464,-0.24278056719968757,-0.2145128462794467,-0.3881715449215308,-0.26596256041565036,-0.06740296744351705,-0.31883709026701584,-0.49401704063575147,-0.45592383249625035,-0.42264041666139657,-0.41227099964128955,0
-0.5060071647083344,-0.395989391180086,-0.4136996581523865,-0.27337300062346276,-0.5204867431220823,-0.4581316941090592,0.0650280426687853,-0.6130073387557107,-0.5677556122850048,-0.25542145033138175,-0.4723597425502936,-0.25542173904520715,-0.4377183699898252,-0.3881715449215308,-0.4557484842980867,-0.06740296744351705,-0.6178407705833973,-0.49401704063575147,-0.5322009374812544,-0.4976809617324332,-0.41227099964128955,0
-0.33345607149616613,-0.17485318002577954,0.3588330159701494,-0.27337300062346276,-0.39371304040759575,-0.3693019234382729,-0.4244501792163492,-0.2517884728910875,-0.4246324899988577,-0.23830672773086778,-0.37421347393373566,-0.23830735061089894,-0.32611560813463597,-0.45959654486548324,-0.5031949652686958,-0.06740296744351705,0.07983448348815944,-0.38385411920308166,-0.37271244523988223,-0.42264041666139657,-0.16648930722482275,0
-0.44130050475377136,-0.395989391180086,-0.4136996581523865,-0.4427417027531922,-0.4782288422172535,-0.4357503814445192,-0.24089584600942376,-0.4383042383977776,-0.583860210436985,-0.25100717940854206,-0.4396443196781077,-0.2510079389955485,-0.2145128462794467,-0.31674654497757826,-0.3608555223568685,-0.06740296744351705,-0.6178407705833973,-0.49401704063575147,-0.4975295261244344,-0.4440805723959785,-0.41227099964128955,0
-0.5275760513598555,-0.5065574967572393,-0.4136996581523865,-0.4427417027531922,-0.5965509647507743,-0.503332417067981,1.533462708324189,-0.8424217303289396,-0.7927004832465353,-0.2593498799690181,-0.5050751654224797,-0.2593505061223758,-0.4377183699898252,-0.45959654486548324,-0.5506414462393048,-0.06740296744351705,-1.0165123443385726,-0.6592614227847562,-0.5946094779235306,-0.5941616625380518,-0.5351618458495229,0
-0.07462943167791368,0.2674192422828334,0.3588330159701494,0.4041018078954549,-0.23313301696924604,-0.24878126546880946,-0.485634956951991,-0.1436093288972072,-0.08072139397915057,-0.21484757274000912,-0.2597094938810846,-0.21484873089642204,1.1247202959828244,0.3260784545179941,-0.12362311750382314,-0.06740296744351705,0.2791702703657471,-0.19106900669590954,-0.185486823913054,-0.30471956012119605,0.3250740776081108,0
-0.07462943167791368,-0.0642850744486263,-0.4136996581523865,0.06536440363599608,0.04576912900262453,-0.027799344756261488,-0.6080045124232746,0.28910724707831387,0.11746906392344487,-0.1358506689929229,-0.0307015337757826,-0.13585141066698234,0.45510372485168893,0.2189409546020654,0.2559487302610495,-0.06740296744351705,0.7775097375597162,-0.025824624546904842,0.1612272896551465,-0.1331983142445408,-0.04359846101658937,0
-0.3765938447992082,-0.395989391180086,-0.4136996581523865,-0.4427417027531922,-0.45287410167435616,-0.41871385986404847,-0.30208062374506556,-0.3991359276413727,-0.5267148621557648,-0.24838806913019754,-0.42328660824201464,-0.24838876094410273,-0.4377183699898252,-0.45959654486548324,-0.40830200332747757,-0.06740296744351705,-0.4185049837058097,-0.49401704063575147,-0.44205526795352235,-0.4655207281305604,-0.41227099964128955,0
-0.3981627314507293,-0.395989391180086,-0.4136996581523865,-0.4427417027531922,-0.2035524863358658,-0.23097807303611567,-0.485634956951991,-0.052216603798929,-0.11396959661549691,-0.2067062955631657,-0.24335178244499162,-0.2067074524531781,0.45510372485168893,0.040378454742184176,-0.1710695984744322,-0.06740296744351705,0.17950237692695326,-0.19106900669590954,-0.17161825937032596,-0.2511191707847413,-0.41227099964128955,0
-0.247180524890082,-0.2854212856029328,-0.4136996581523865,-0.4427417027531922,-0.2669393376931091,-0.2734461620288996,-0.30208062374506556,-0.39851420842301705,0.18682273661019855,-0.23113470795994584,-0.27606720531717766,-0.23113492553020365,-0.2145128462794467,0.3260784545179941,0.018716325408004088,-0.06740296744351705,-0.019833409950634387,-0.13598754597957463,-0.22709251754123805,-0.32615971585577797,-0.2893801534330561,1
-0.2040427515870399,-0.2854212856029328,-0.4136996581523865,-0.10400429849373335,0.2781875839791833,0.14731923033222907,-0.6691892901589164,0.6602736204366274,0.17954969228349776,-0.04271209220714735,0.13287558058514748,-0.04271295412459785,-0.32611560813463597,-0.1024715451457208,-0.21851607944504128,-0.06740296744351705,0.4785060572433347,0.1118790272439324,0.29991293508242667,0.2420044111106426,-0.2893801534330561,0
0.011646114928170474,-0.17485318002577954,-0.4136996581523865,-0.27337300062346276,-0.030295092626067444,-0.05986809126067702,-0.6080045124232746,0.34008822298347585,0.004477125276486686,-0.13945877482147134,-0.06341695664796855,-0.1394588433998764,-0.32611560813463597,0.2189409546020654,0.16105576831983132,-0.06740296744351705,1.1761813113148916,0.1669604879602673,-0.005195484857589729,-0.06887784704079507,-0.16648930722482275,1
-0.44130050475377136,-0.17485318002577954,-0.4136996581523865,-0.10400429849373335,-0.5078093728506337,-0.45418881544048356,0.18739759814006887,-0.6440932996734924,-0.4973629332658653,-0.255489557034008,-0.4560020311142007,-0.25548964366135574,-0.2145128462794467,-0.3881715449215308,0.3982881731728767,-0.06740296744351705,-0.8171765574609849,-0.49401704063575147,-0.5252666552098905,-0.47624080599785135,-0.16648930722482275,0
1.5861748404892062,1.3731002980543658,2.676431038337757,0.5734705100251843,0.9458624182754796,0.8083976013226726,-0.7915588456302002,1.5748225906377646,0.5190450113905651,0.4135028447194565,0.7871840380288676,0.4135017843048707,0.12029543928612109,2.0402784531728537,1.25232483064384,-0.06740296744351705,1.6745207785088603,0.8830194772726211,0.9101297749624594,0.9924098618210094,1.5539825396904448,0
0.22733498144338085,0.4885554534371399,1.1313656900926852,-0.27337300062346276,0.6923150128465063,0.5295977459117607,-0.7303740678945583,1.4137973130836554,0.2795540517756332,0.23831004015890903,0.5254606550513795,0.23830787464149744,-0.10291008442425745,-0.17389654508967328,-0.26596256041565036,-0.06740296744351705,1.3755170981924791,0.3872863308256069,0.7922469763492713,0.5314465135274984,0.5708557700245775,0
1.0469526742011803,0.7096916645914464,0.3588330159701494,0.4041018078954549,0.2232523128029058,0.15828262351901867,-0.485634956951991,-0.14423104811556284,1.325833428488156,-0.14611025998191543,0.14923329202124042,-0.14611107061757622,1.1247202959828244,2.325978452948664,-0.4557484842980867,-0.06740296744351705,0.17950237692695326,0.7177750951236163,0.18203013646923852,0.2848847225798064,0.8166374624410443,1
2.556774739807653,1.5942365092086723,-0.4136996581523865,2.436526233452208,2.3403731481348324,2.2685715253648278,-0.7303740678945583,0.8411939129781165,3.465147466870564,0.7528642623819167,2.243020355841145,0.7528635915844896,-0.4377183699898252,1.7545784533970439,-0.07617663653321406,-0.06740296744351705,1.6745207785088603,2.5630040291208354,2.713043165517102,1.7428153125313761,1.6768733858986782,1
0.39988607465554915,0.8202597701685996,1.3888765814668638,0.4041018078954549,0.9965718993612742,0.7523320571436757,-0.7915588456302002,2.4601507575761867,0.08318185495471274,0.6068436266825767,0.7381109037205886,0.606843202633956,-0.4377183699898252,0.3260784545179941,0.16105576831983132,-0.06740296744351705,1.2758492047536854,0.3046641397511045,1.0141440090329197,0.9602496282191365,0.9395283086492777,0
-0.22561163823856095,-0.2854212856029328,-0.4136996581523865,-0.10400429849373335,-0.32610039895986953,-0.3214671384799276,-0.30208062374506556,-0.3581024592299009,-0.10929406811976072,-0.2352882063349455,-0.32514033962545663,-0.23528923293958015,-0.4377183699898252,-0.45959654486548324,-0.3134090413862594,-0.06740296744351705,-0.1195013033894282,-0.24615046741224442,-0.31030390479760617,-0.3475998715903599,-0.2893801534330561,0
-0.5060071647083344,-0.395989391180086,-0.4136996581523865,-0.27337300062346276,-0.5204867431220823,-0.4581316941090592,0.0650280426687853,-0.6130073387557107,-0.5677556122850048,-0.25542145033138175,-0.4723597425502936,-0.25542173904520715,-0.4377183699898252,-0.3881715449215308,-0.4557484842980867,-0.06740296744351705,-0.6178407705833973,-0.49401704063575147,-0.5322009374812544,-0.4976809617324332,-0.41227099964128955,0
-0.5275760513598555,-0.5065574967572393,-0.4136996581523865,-0.4427417027531922,-0.6007767548412573,-0.505599572302412,2.1453104856806067,-0.8735076912467212,-0.7955577506605963,-0.2594718792157601,-0.5050751654224797,-0.2594729769479296,-0.4377183699898252,-0.45959654486548324,-0.5506414462393048,-0.06740296744351705,-1.1161802377773664,-0.6592614227847562,-0.6015437601948945,-0.5941616625380518,-0.5351618458495229,0
-0.4628693914052924,-0.5065574967572393,-0.4136996581523865,-0.4427417027531922,-0.5204867431220823,-0.45700359271221674,0.3097671536113526,-0.6869919257400311,-0.45528317680423946,-0.25616947884370816,-0.4723597425502936,-0.25616990240527293,-0.4377183699898252,-0.45959654486548324,-0.5506414462393048,-0.06740296744351705,-0.6178407705833973,-0.466476310277584,-0.5252666552098905,-0.5084010395997242,-0.5351618458495229,0
0.9606771275950962,1.2625321924772126,1.6463874728410424,1.250945318544102,1.3642156372332854,1.257978865286642,-0.7303740678945583,1.3833330713842291,1.1975161464385071,0.5753041604554056,1.2451999582394717,0.5753039335977964,2.3523506763899062,0.07609095471416041,3.102737588497594,-0.06740296744351705,1.7741886719476543,1.5990784665849747,1.2845810176161159,1.4748133658491023,1.4310916934822113,0
-0.11776720498095576,-0.0642850744486263,-0.4136996581523865,0.06536440363599608,-0.2035524863358658,-0.21160868157673762,-0.6080045124232746,0.2555344092871097,-0.2851458898760612,-0.18466579443047362,-0.22699407100889862,-0.1846663416008031,-0.2145128462794467,-0.45959654486548324,-0.3134090413862594,-0.06740296744351705,0.5781739506821285,-0.025824624546904842,-0.2686982111694221,-0.10103808064266792,-0.04359846101658937,0
-0.3550249581476872,-0.2854212856029328,0.10132212459597074,-0.27337300062346276,-0.43174515122194174,-0.39431729810223637,-0.485634956951991,-0.13863557515036212,-0.5856784715186603,-0.23932037912000462,-0.40692889680592165,-0.23932106952340296,-0.10291008442425745,-0.31674654497757826,0.018716325408004088,-0.06740296744351705,0.07983448348815944,-0.4113948495612491,-0.44205526795352235,-0.4119203387941056,-0.2893801534330561,0
-0.247180524890082,-0.5065574967572393,-0.4136996581523865,-0.4427417027531922,-0.35568092959324976,-0.3533989794750176,-0.30208062374506556,-0.39291873545781636,-0.21345445294143942,-0.2404454533441007,-0.3578557624976426,-0.24044634601957965,-0.4377183699898252,-0.423884044893507,0.06616280637861316,-0.06740296744351705,-0.4185049837058097,-0.3563133888449142,-0.3449753161544262,-0.3690400273249418,-0.5351618458495229,0
-0.1393360916324768,-0.17485318002577954,-0.4136996581523865,0.06536440363599608,-0.2415845971502118,-0.2584851279698041,-0.5468197346876329,0.05534082097659567,-0.2812496161296143,-0.2064111665184519,-0.2597094938810846,-0.2064115823399592,-0.10291008442425745,-0.3881715449215308,-0.3134090413862594,-0.06740296744351705,0.2791702703657471,-0.24615046741224442,-0.22015823526987402,-0.2725593265193232,-0.16648930722482275,0
-0.07462943167791368,-0.17485318002577954,-0.4136996581523865,-0.10400429849373335,-0.309197238597938,-0.31664806455166844,-0.3632654014807074,-0.27044004944175654,-0.19631084845707336,-0.2312629722149413,-0.32514033962545663,-0.2312634592679135,-0.4377183699898252,-0.3524590449495545,-0.12362311750382314,-0.06740296744351705,-0.21916919682822203,-0.30123192812857935,-0.2964353402548781,-0.32615971585577797,-0.16648930722482275,0
-0.4628693914052924,-0.5065574967572393,-0.4136996581523865,-0.4427417027531922,-0.5373899034840139,-0.46809293896758586,0.24858237587571072,-0.6782878566830522,-0.5729506439469338,-0.2567706501733191,-0.4723597425502936,-0.25677134329116047,-0.4377183699898252,-0.3524590449495545,-0.3134090413862594,-0.06740296744351705,-0.6178407705833973,-0.5215577709939189,-0.5391352197526185,-0.5298411953343061,-0.5351618458495229,0
-0.3550249581476872,-0.5065574967572393,-0.4136996581523865,-0.4427417027531922,-0.4190677809504931,-0.4067592707897419,1.2887235973816213,-0.8256353114333375,0.841656477596363,-0.2560244405343567,-0.40692889680592165,-0.2560256050959572,-0.4377183699898252,-0.45959654486548324,-0.5506414462393048,-0.06740296744351705,-1.2158481312161602,-0.3563133888449142,-0.45592383249625035,-0.35831994945765083,-0.5351618458495229,0
0.35674830135250707,0.4885554534371399,1.6463874728410424,0.5734705100251843,0.7176697533894036,0.5706146365056938,-0.6080045124232746,0.17471091090087723,1.7310458981186265,-0.008006573744537093,0.5581760779235656,-0.008007632360510013,0.23189820114131035,-0.20960904506164954,-0.1710695984744322,-0.06740296744351705,0.5781739506821285,0.7728565558399512,0.9031954926910954,0.42424573485458883,0.5708557700245775,0
-0.11776720498095576,0.04628303112852694,-0.4136996581523865,0.4041018078954549,0.14296230108373092,0.03642576777853797,-0.6691892901589164,0.47748817024007095,0.1034424784362363,-0.09895414914928743,0.03472931196858947,-0.0989549524496711,-0.10291008442425745,-0.45959654486548324,-0.3608555223568685,-0.06740296744351705,0.07983448348815944,0.1118790272439324,0.015607361956502301,0.3384851119162612,0.07929238519164403,0
-0.4844382780568134,-0.5065574967572393,-0.4136996581523865,-0.4427417027531922,-0.4190677809504931,-0.4147983622973379,-0.057341512802498266,-0.5626480820689044,-0.32410862734052953,-0.2511304586032068,-0.42328660824201464,-0.2511316224035334,-0.4377183699898252,-0.3524590449495545,-0.40830200332747757,-0.06740296744351705,-0.8171765574609849,-0.5490985013520864,-0.37271244523988223,-0.4869608838651423,-0.5351618458495229,0
-0.3550249581476872,-0.2854212856029328,-0.4136996581523865,-0.27337300062346276,-0.38948725031711284,-0.3682778702285178,-0.179711068273782,-0.4619295686952918,-0.19397308420920525,-0.2442268237019812,-0.37421347393373566,-0.24422717804013888,0.00869267743093182,-0.17389654508967328,-0.21851607944504128,-0.06740296744351705,-0.1195013033894282,-0.3563133888449142,-0.3519095984257902,-0.4440805723959785,-0.2893801534330561,0
-0.053060545026392646,0.04628303112852694,-0.4136996581523865,0.06536440363599608,-0.08523036380234497,-0.12691345728758274,-0.6691892901589164,0.4383198594836661,-0.20176563170209894,-0.1496587471835358,-0.12884780239234062,-0.14965908681134024,0.12029543928612109,0.2189409546020654,0.16105576831983132,-0.06740296744351705,0.5781739506821285,-0.025824624546904842,-0.12307828347077789,-0.025997535571631248,0.07929238519164403,0
-0.44130050475377136,-0.395989391180086,-0.4136996581523865,-0.27337300062346276,-0.46132568185532197,-0.4202855351111057,-0.3632654014807074,-0.34131604033429874,-0.5758079113609949,-0.24749197085291313,-0.42328660824201464,-0.24749266252742755,0.00869267743093182,0.07609095471416041,-0.26596256041565036,-0.06740296744351705,-0.21916919682822203,-0.49401704063575147,-0.44898955022488635,-0.47624080599785135,-0.41227099964128955,0
-0.26874941154160303,-0.17485318002577954,-0.4136996581523865,0.06536440363599608,-0.28806828814552354,-0.2793823849132552,-0.11852629053814014,-0.5073150716352529,0.41358586865340413,-0.23689164425374887,-0.2924249167532706,-0.23689226691365947,-0.2145128462794467,-0.3881715449215308,0.018716325408004088,-0.06740296744351705,-0.21916919682822203,0.0567975665275975,-0.31030390479760617,-0.2511191707847413,-0.16648930722482275,0
-0.5275760513598555,-0.5065574967572393,-0.4136996581523865,-0.4427417027531922,-0.5796478043888428,-0.49718262158907756,1.4110931528529052,-0.8318525036168938,-0.6960728943346538,-0.25912609117957747,-0.5050751654224797,-0.25912739095503046,-0.32611560813463597,-0.3881715449215308,-0.5506414462393048,-0.06740296744351705,-1.1161802377773664,-0.6317206924265887,-0.5807409133808025,-0.5727215068034699,-0.5351618458495229,0
-0.4628693914052924,-0.5065574967572393,-0.4136996581523865,-0.4427417027531922,-0.5669704341173941,-0.4886232891460445,0.3709519313469943,-0.7075086599457671,-0.7378928992131831,-0.2582188101993891,-0.48871745398638666,-0.258219166714043,-0.4377183699898252,-0.45959654486548324,-0.3608555223568685,-0.06740296744351705,-0.8171765574609849,-0.6317206924265887,-0.5599380665667105,-0.5727215068034699,-0.5351618458495229,0
0.39988607465554915,1.1519640869000594,1.903898364215221,-0.10400429849373335,1.0599587507185175,0.9113122107928711,-0.7303740678945583,0.9332083572947504,1.1801127903710444,0.2849238572663725,0.9016880180815185,0.28492318104507613,3.468378294941799,-0.031046545201768312,4.905703865380739,-0.06740296744351705,0.87717763099851,1.1584267808542956,0.9170640572338234,1.2711318863705743,1.308200847273978,0
3.0528591327926367,2.1470770370944385,3.191452821086114,3.4527384462305846,2.543211072478011,2.546243279378897,-0.6691892901589164,0.4314809480817539,5.318215260680677,0.6056843306929671,2.5211014502547258,0.6056839738297051,1.7943368671139601,1.5403034535651863,3.102737588497594,-0.06740296744351705,1.1761813113148916,3.3616852095076912,2.823991681858926,2.0858578042846867,2.4142184631480785,0
-0.5060071647083344,-0.5065574967572393,-0.4136996581523865,-0.4427417027531922,-0.5458414836649796,-0.47247391526600324,0.43213670908263613,-0.7180778866578128,-0.5581448037104358,-0.25737694129462113,-0.4723597425502936,-0.2573776345067729,-0.32611560813463597,-0.45959654486548324,-0.5031949652686958,-0.06740296744351705,-0.7175086640221912,-0.49401704063575147,-0.5599380665667105,-0.5191211174670152,-0.5351618458495229,0
0.874401580989012,0.4885554534371399,1.3888765814668638,0.9122079142846431,0.26551021370773464,0.1711955511586041,-0.6691892901589164,0.6876292660442751,0.20188832842979293,-0.031106198100463636,0.16559100345733344,-0.031107327675344337,0.23189820114131035,1.1474659538734477,0.8727529828789673,-0.06740296744351705,1.0765134178760976,0.24958267903476963,0.3276500641678827,0.16696386603960592,0.5708557700245775,1
7.129378709930113,7.122641788066334,6.281583517576258,7.1788498930846325,7.16622543146629,7.8895174504048295,-0.8527436233658419,5.078210386071761,3.082013881803292,9.843044574353844,7.853715378421045,9.843045991218643,3.6915838186521777,6.361490949781979,7.230581432940584,-0.06740296744351705,5.362232835744232,6.1983804363989385,7.227260924175073,7.006373545371235,6.162389272499197,0
-0.16090497828399783,0.15685113670568018,0.616343907344328,-0.4427417027531922,0.037317548821658754,-0.09221612500411672,-0.6691892901589164,0.7504229070981943,-0.2851458898760612,-0.11376961372078372,-0.09613237952015458,-0.11377028459437692,0.6783092485620674,0.1475159546581129,0.5406276160847039,-0.06740296744351705,0.17950237692695326,-0.3563133888449142,0.1612272896551465,-0.1546384699791227,0.2021832313998774,0
-0.4197316181022503,-0.5065574967572393,-0.4136996581523865,-0.4427417027531922,-0.5035835827601508,-0.4505690337739161,-0.3632654014807074,-0.3245296214386966,-0.7186712820640454,-0.2512152046288288,-0.4560020311142007,-0.25121650317371924,-0.4377183699898252,-0.3524590449495545,-0.5506414462393048,-0.06740296744351705,-0.5181728771446035,-0.5490985013520864,-0.5183323729385264,-0.47624080599785135,-0.5351618458495229,0
-0.3550249581476872,-0.0642850744486263,-0.4136996581523865,-0.10400429849373335,-0.45287410167435616,-0.4125257308425338,-0.485634956951991,-0.06527270738439736,-0.6758122708531302,-0.2409397827050023,-0.42328660824201464,-0.2409398670690882,0.00869267743093182,-0.28103404500560203,-0.12362311750382314,-0.06740296744351705,-0.019833409950634387,-0.49401704063575147,-0.45592383249625035,-0.4440805723959785,-0.10504388412070606,0
-0.29031829819312405,-0.17485318002577954,-0.4136996581523865,-0.27337300062346276,-0.3387777692313182,-0.3279016974182282,-0.485634956951991,-0.1523133979541861,-0.3474862698192105,-0.22853095705667426,-0.3414980510615497,-0.22853151105036382,-0.32611560813463597,-0.423884044893507,-0.26596256041565036,-0.06740296744351705,0.17950237692695326,-0.30123192812857935,-0.32417246934033417,-0.35831994945765083,-0.16648930722482275,0
-0.18247386493551887,-0.2854212856029328,-0.4136996581523865,-0.10400429849373335,-0.2838424980550407,-0.2733968760455424,-0.3632654014807074,-0.30898664097980577,0.033309551000193234,-0.22686412803285474,-0.27606720531717766,-0.22686542278986077,-0.10291008442425745,-0.06675904517374455,-0.07617663653321406,-0.06740296744351705,0.3788381638045409,-0.05336535490507229,-0.2617639288980581,-0.315439637988487,-0.2893801534330561,1
-0.009922771723350566,-0.0642850744486263,-0.4136996581523865,0.2347331057657255,0.17254283171711116,0.06703236344335677,-0.485634956951991,-0.1516916787358305,1.0291971205920039,-0.16242070372718218,0.0510870234046824,-0.1624215168999823,-0.32611560813463597,-0.45959654486548324,-0.4557484842980867,-0.06740296744351705,-0.4185049837058097,0.33220487010927197,0.02947592649923032,0.39208550125271596,-0.04359846101658937,0
-0.22561163823856095,0.04628303112852694,0.8738547987185067,-0.27337300062346276,0.39228391642222127,0.19756902847507693,-0.7915588456302002,1.8620568695180673,-0.2630670053128624,0.14302600119188613,0.18194871489342646,0.1430255723607073,-0.32611560813463597,-0.24532154503362577,-0.21851607944504128,-0.06740296744351705,0.7775097375597162,-0.19106900669590954,0.514875685494711,0.19912409964147879,0.07929238519164403,0
-0.5275760513598555,-0.395989391180086,-0.4136996581523865,-0.27337300062346276,-0.5120351629411166,-0.4524364249211165,0.0650280426687853,-0.6067901465721545,-0.5316501422345974,-0.25491337837173067,-0.4560020311142007,-0.2549136670065239,-0.2145128462794467,-0.24532154503362577,-0.3608555223568685,-0.06740296744351705,-0.4185049837058097,-0.5215577709939189,-0.4975295261244344,-0.5298411953343061,-0.41227099964128955,0
0.6371438278222806,-0.0642850744486263,-0.4136996581523865,0.2347331057657255,0.7726050245656811,0.671212804758104,-0.6080045124232746,0.37739137608481393,1.544804013038468,0.06284312464585298,0.6563223465401236,0.0628423465135296,0.5667064867068782,0.040378454742184176,1.299771311614449,-0.06740296744351705,1.0765134178760976,1.130886050496128,0.8754583636056394,0.606487058598535,-0.04359846101658937,0
-0.3981627314507293,-0.5065574967572393,-0.4136996581523865,-0.4427417027531922,-0.5204867431220823,-0.4634326754301443,1.4110931528529052,-0.8318525036168938,-0.09578698579874513,-0.2580189362263999,-0.4723597425502936,-0.2580190906128909,-0.4377183699898252,-0.45959654486548324,-0.5506414462393048,-0.06740296744351705,-1.1161802377773664,-0.466476310277584,-0.5391352197526185,-0.4869608838651423,-0.5351618458495229,0
-0.5922827113144186,-0.5065574967572393,-0.4136996581523865,-0.4427417027531922,-0.5754220142983599,-0.492264975694104,0.8604301532321287,-0.7802498084933762,-0.7010081744134864,-0.2587409615861904,-0.5050751654224797,-0.25874178974190093,-0.4377183699898252,-0.45959654486548324,-0.5506414462393048,-0.06740296744351705,-0.8171765574609849,-0.6317206924265887,-0.5668723488380745,-0.5834415846707609,-0.5351618458495229,0
-0.29031829819312405,-0.395989391180086,-0.4136996581523865,-0.27337300062346276,-0.19087511606441715,-0.2373195362280749,-0.24089584600942376,-0.42151781950217554,0.4187809003153333,-0.22810971945872965,-0.24335178244499162,-0.22811074494672876,-0.32611560813463597,-0.45959654486548324,-0.5031949652686958,-0.06740296744351705,-0.7175086640221912,-0.10844681562140719,-0.2686982111694221,-0.06887784704079507,-0.41227099964128955,0
-0.11776720498095576,-0.17485318002577954,-0.4136996581523865,-0.10400429849373335,-0.21622985660731447,-0.25092794385503403,-0.6691892901589164,0.3985298295089055,-0.44125659131703093,-0.1869571033092342,-0.2597094938810846,-0.18695812239581813,-0.4377183699898252,0.07609095471416041,0.2085022492904404,-0.06740296744351705,0.17950237692695326,-0.32877265848674675,-0.21322395299851002,-0.21895893718286843,-0.16648930722482275,0
-0.4628693914052924,-0.2854212856029328,-0.4136996581523865,-0.4427417027531922,-0.45287410167435616,-0.4204662503834154,-0.485634956951991,-0.11874056016298183,-0.6828255635967345,-0.24339209555930863,-0.42328660824201464,-0.24339292132745619,-0.4377183699898252,-0.45959654486548324,-0.5031949652686958,-0.06740296744351705,-0.4185049837058097,-0.5215577709939189,-0.46979239703897835,-0.42264041666139657,-0.2893801534330561,0
-0.11776720498095576,-0.17485318002577954,-0.4136996581523865,-0.4427417027531922,-0.22468143678828026,-0.2539727223824341,-0.485634956951991,-0.06527270738439736,-0.1742319638938746,-0.21168280045249277,-0.2597094938810846,-0.21168389075092506,-0.4377183699898252,-0.17389654508967328,-0.21851607944504128,-0.06740296744351705,0.07983448348815944,-0.2736911977704119,-0.17855254164168996,-0.2939994822539051,-0.16648930722482275,0
2.556774739807653,1.0413959813229061,2.1614092555894,0.4041018078954549,2.6742105652829804,2.539441813675604,-0.7915588456302002,1.9192550376067858,2.089762834374832,1.5028791191530573,2.5211014502547258,1.5028785650227328,-0.2145128462794467,1.8617159533129726,-0.07617663653321406,-0.06740296744351705,1.5748528850700667,2.3151374558973283,2.4772775682907255,2.9541841115352545,1.1853100010657447,0
0.16262832148881776,-0.17485318002577954,0.10132212459597074,-0.4427417027531922,0.020414388459727206,-0.02537885535138588,-0.485634956951991,-0.08081568784328821,0.5746318501732066,-0.17100491025097678,-0.0307015337757826,-0.1710053879306234,-0.10291008442425745,0.7903409541536852,-0.4557484842980867,-0.06740296744351705,0.3788381638045409,0.33220487010927197,0.02254164422786631,0.016882775897532572,-0.16648930722482275,0
0.35674830135250707,-0.2854212856029328,-0.4136996581523865,-0.10400429849373335,0.4556707677794646,0.3422671993914315,-0.6691892901589164,0.7429622764779266,0.45384736403335485,0.03528584586907361,0.3291681178182635,0.03528519818151258,-0.2145128462794467,0.004665954770207932,-0.4557484842980867,-0.06740296744351705,0.7775097375597162,0.5525307129746115,0.3692557577960668,0.5850469028639531,-0.2893801534330561,1
-0.3118871848446451,-0.17485318002577954,-0.4136996581523865,-0.27337300062346276,-0.2415845971502118,-0.2544874870974982,-0.6080045124232746,0.20890546791043713,-0.3625518616388049,-0.19768859088764015,-0.2597094938810846,-0.1976894769121585,-0.32611560813463597,-0.423884044893507,-0.3134090413862594,-0.06740296744351705,0.4785060572433347,-0.24615046741224442,-0.22709251754123805,-0.26183924865203223,-0.16648930722482275,0
-0.053060545026392646,-0.2854212856029328,-0.4136996581523865,-0.27337300062346276,-0.18664932597393427,-0.20896366713656808,-0.485634956951991,-0.05035144614386214,-0.04695368817661143,-0.2024844210228192,-0.2106363595728056,-0.20248524042765298,-0.4377183699898252,-0.06675904517374455,-0.12362311750382314,-0.06740296744351705,0.4785060572433347,-0.13598754597957463,-0.1300125657421419,-0.2725593265193232,-0.2893801534330561,1
-0.1393360916324768,0.04628303112852694,0.8738547987185067,-0.27337300062346276,-0.3218746088693867,-0.32454477432956585,-0.5468197346876329,0.0795878704924652,-0.47814131611672767,-0.219264268827334,-0.32514033962545663,-0.21926495611094313,-0.4377183699898252,-0.45959654486548324,-0.40830200332747757,-0.06740296744351705,0.07983448348815944,-0.38385411920308166,-0.31030390479760617,-0.3368797937230689,0.07929238519164403,0
-0.33345607149616613,-0.2854212856029328,-0.4136996581523865,-0.10400429849373335,-0.4063904106790444,-0.37171146040240244,-0.057341512802498266,-0.551457136138503,-0.0568242483342768,-0.2470976795270264,-0.37421347393373566,-0.24709857323727946,-0.2145128462794467,0.3975034544619466,0.2085022492904404,-0.06740296744351705,-0.21916919682822203,-0.19106900669590954,-0.4143181388680663,-0.3904801830595237,-0.2893801534330561,0
0.2489038680949019,-0.395989391180086,-0.4136996581523865,-0.27337300062346276,0.2612844236172518,0.20659383964981684,-0.485634956951991,-0.1349052598402283,1.4658395317771455,-0.13661580838800605,0.19830642632951948,-0.13661655018108523,-0.4377183699898252,-0.24532154503362577,-0.5031949652686958,-0.06740296744351705,0.2791702703657471,0.9105602076307885,0.19589870101196655,0.3599252676508431,-0.41227099964128955,0
-0.18247386493551887,-0.17485318002577954,0.3588330159701494,0.06536440363599608,-0.309197238597938,-0.3051425255479497,-0.485634956951991,-0.1635043438845875,-0.25839147681712626,-0.22518335431324527,-0.30878262818936364,-0.22518357095775185,0.12029543928612109,-0.1024715451457208,0.35084169220226763,-0.06740296744351705,-0.019833409950634387,-0.19106900669590954,-0.3449753161544262,-0.2511191707847413,-0.16648930722482275,0
-0.5922827113144186,-0.5065574967572393,-0.4136996581523865,-0.4427417027531922,-0.533164113393531,-0.46702507599484655,0.3097671536113526,-0.6869919257400311,-0.5503522562175422,-0.2567857400856715,-0.4723597425502936,-0.25678589428033516,-0.32611560813463597,-0.45959654486548324,-0.40830200332747757,-0.06740296744351705,-0.5181728771446035,-0.5766392317102538,-0.5113980906671625,-0.562001428936179,-0.5351618458495229,0
1.1763659941103066,2.921053776134511,2.418920146963578,1.0815766164143725,1.8628588679102662,1.6939133880810409,-0.7915588456302002,2.202137281958599,1.0380286744172833,1.1383337156253144,1.6705004555778897,1.138332633229004,5.477228008335206,0.5046409543778754,6.851009585175711,-0.06740296744351705,1.6745207785088603,1.5715377362268073,1.6035580020988605,2.246658972294051,3.2744543866057123,0
3.160703566050242,3.9161667263288904,0.8738547987185067,3.283369744100855,2.6150495040162203,2.542070399454655,-0.7915588456302002,2.410413220107736,1.6476656399446645,1.801228108646403,2.5211014502547258,1.8012271967310316,6.593255626887099,0.6474909542657803,5.807187003822311,-0.06740296744351705,2.97020339321318,2.3151374558973283,2.83092596413029,2.257379050161342,3.090118117293362,0
-0.053060545026392646,0.15685113670568018,0.616343907344328,0.2347331057657255,-0.026069302535584555,-0.07081505578634757,-0.485634956951991,-0.09262835299204522,0.4468340712897505,-0.18026055050877332,-0.07977466808406156,-0.18026102962816304,0.00869267743093182,0.18322845463008916,0.35084169220226763,-0.06740296744351705,0.5781739506821285,0.13941975760209985,0.05721305558468636,-0.1546384699791227,0.2021832313998774,0
-0.5491449380113765,-0.5065574967572393,-0.4136996581523865,-0.4427417027531922,-0.6050025449317401,-0.5077352982478905,2.1453104856806067,-0.8735076912467212,-0.8462093093644052,-0.2595244244462729,-0.5214328768585726,-0.25952511799247224,-0.10291008442425745,-0.3524590449495545,-0.4557484842980867,-0.06740296744351705,-1.1161802377773664,-0.6868021531429236,-0.6015437601948945,-0.6048817404053428,-0.5351618458495229,0
-0.11776720498095576,-0.2854212856029328,-0.4136996581523865,-0.10400429849373335,-0.11903668452620808,-0.13949233548441378,-0.485634956951991,-0.12060571781804881,0.2626701988743636,-0.19467774917925434,-0.14520551382843358,-0.19467863473542707,-0.2145128462794467,0.11180345468613666,0.35084169220226763,-0.06740296744351705,0.3788381638045409,0.19450121831843475,-0.1369468480135059,-0.09031800277537697,-0.2893801534330561,0
0.292041641397944,0.15685113670568018,-0.4136996581523865,0.5734705100251843,0.5106060389557421,0.4422246498601981,-0.6080045124232746,0.37739137608481393,1.0541332725692634,0.00048729540218353615,0.42731438643482145,0.00048650757022042633,0.23189820114131035,0.040378454742184176,1.1574318687026217,-0.06740296744351705,0.9768455244373038,1.0758045897797932,0.4385985805097069,0.617207136465826,0.2021832313998774,1
-0.4628693914052924,-0.2854212856029328,-0.4136996581523865,-0.4427417027531922,-0.45287410167435616,-0.4204662503834154,-0.485634956951991,-0.11874056016298183,-0.6828255635967345,-0.24339209555930863,-0.42328660824201464,-0.24339292132745619,-0.4377183699898252,-0.45959654486548324,-0.5031949652686958,-0.06740296744351705,-0.4185049837058097,-0.5215577709939189,-0.46979239703897835,-0.42264041666139657,-0.2893801534330561,0
-0.4197316181022503,-0.395989391180086,-0.4136996581523865,-0.4427417027531922,-0.49090621248870214,-0.43594752537794795,-0.30208062374506556,-0.3991359276413727,-0.6116536298283058,-0.25042817138769863,-0.4396443196781077,-0.250428324593423,-0.32611560813463597,-0.3881715449215308,-0.40830200332747757,-0.06740296744351705,-0.1195013033894282,-0.49401704063575147,-0.4836609615817064,-0.4976809617324332,-0.41227099964128955,0
3.570512412429142,3.4738943040202774,4.736518169331187,3.7914758504900434,4.347623441114204,4.488625788367486,-0.8527436233658419,3.4499277531983563,2.320162488581388,4.14291627657183,4.467669111149793,4.142916672032877,1.1247202959828244,5.611528450370478,6.803563104205102,-0.06740296744351705,3.667878647284737,3.829877625596538,4.384205192915828,4.25131353347746,3.7660177714386456,1
-0.3118871848446451,-0.2854212856029328,-0.4136996581523865,-0.10400429849373335,-0.2796167079645578,-0.2801600082062243,-0.485634956951991,-0.055325199890707215,-0.26488526639453763,-0.21606103073645502,-0.2924249167532706,-0.21606131332764694,0.45510372485168893,-0.31674654497757826,1.0150924257907945,-0.06740296744351705,0.2791702703657471,-0.19106900669590954,-0.2825667757121501,-0.2725593265193232,-0.2893801534330561,0
-0.33345607149616613,-0.17485318002577954,-0.4136996581523865,0.06536440363599608,-0.39371304040759575,-0.36777405795419976,-0.4244501792163492,-0.18526451652703466,-0.46567324012809774,-0.23616166974370129,-0.37421347393373566,-0.23616229229006208,-0.32611560813463597,-0.45959654486548324,-0.5031949652686958,-0.06740296744351705,-0.1195013033894282,-0.30123192812857935,-0.44205526795352235,-0.315439637988487,-0.16648930722482275,0
-0.5275760513598555,-0.5065574967572393,-0.4136996581523865,-0.4427417027531922,-0.5923251746602914,-0.5017935991431619,2.1453104856806067,-0.8735076912467212,-0.7051641997430297,-0.259378240920359,-0.5050751654224797,-0.259378395518294,-0.4377183699898252,-0.45959654486548324,-0.5506414462393048,-0.06740296744351705,-1.1161802377773664,-0.6317206924265887,-0.5946094779235306,-0.5834415846707609,-0.5351618458495229,0
0.7665571477314068,0.37798734785998667,0.3588330159701494,0.5734705100251843,0.8190887155609929,0.6925864928740079,-0.7303740678945583,0.8038907598767787,0.9780260587220021,0.170550001322674,0.6726800579762165,0.17054998096708124,0.12029543928612109,0.4689284544058991,1.0625389067614037,-0.06740296744351705,1.0765134178760976,0.9656416683471234,0.7991812586206354,0.842328771678936,0.4479649238163442,0
-0.5275760513598555,-0.5065574967572393,-0.4136996581523865,-0.4427417027531922,-0.609228335022223,-0.5097122138025514,3.1854517071865174,-0.9045936521645029,-0.8584176337699385,-0.2596000087393952,-0.5214328768585726,-0.25960029810320817,-0.4377183699898252,-0.45959654486548324,-0.5506414462393048,-0.06740296744351705,-1.2158481312161602,-0.6868021531429236,-0.6084780424662586,-0.6048817404053428,-0.5351618458495229,0
-0.5707138246628976,-0.5065574967572393,-0.4136996581523865,-0.4427417027531922,-0.5965509647507743,-0.5051943319948085,3.1854517071865174,-0.9045936521645029,-0.7152945114837915,-0.25951661002737614,-0.5050751654224797,-0.2595178424978849,-0.4377183699898252,-0.45959654486548324,-0.5506414462393048,-0.06740296744351705,-1.2158481312161602,-0.6592614227847562,-0.5946094779235306,-0.5941616625380518,-0.5351618458495229,0
0.27047275474642296,-0.17485318002577954,-0.4136996581523865,0.06536440363599608,0.5021544587747764,0.3728628426155043,-0.6080045124232746,0.19584936432496877,1.1946588790244461,-0.050215146930300186,0.36188354069044953,-0.05021641420901751,-0.32611560813463597,0.5760659543218277,0.9201994638495764,-0.06740296744351705,0.3788381638045409,0.6076121736909464,0.549547096851531,0.42424573485458883,-0.16648930722482275,0
-0.5275760513598555,-0.5065574967572393,-0.4136996581523865,-0.4427417027531922,-0.5880993845698086,-0.49930739509381,1.533462708324189,-0.8424217303289396,-0.7163335178161773,-0.2592261292145923,-0.5050751654224797,-0.2592268227143909,-0.4377183699898252,-0.31674654497757826,-0.5506414462393048,-0.06740296744351705,-1.0165123443385726,-0.6317206924265887,-0.5876751956521665,-0.5834415846707609,-0.5351618458495229,0
2.9018769262319895,2.5893494594030515,6.281583517576258,3.1140010419711257,4.098301825775714,4.191902263675673,-0.7915588456302002,1.6606198427708418,4.223622089512213,2.2156476934692515,4.156872593864026,2.215647856503472,6.37005010317672,0.6832034542377565,1.7267896403499308,-0.06740296744351705,1.6745207785088603,4.077744198820045,3.8988054339203475,4.3692343900176605,2.905781847981012,0
0.05478388823121255,0.04628303112852694,-0.4136996581523865,0.2347331057657255,0.10070440017890206,0.02796500730221935,-0.6080045124232746,0.14984214216665198,0.3961825125859418,-0.1366062424614255,0.018371600532496455,-0.13660684952163543,0.3435009629964996,0.6117784542938041,0.9201994638495764,-0.06740296744351705,0.3788381638045409,0.24958267903476963,0.09188446694150641,0.11336347670315115,0.07929238519164403,1
-0.22561163823856095,-0.2854212856029328,-0.4136996581523865,-0.4427417027531922,-0.47400305212677063,-0.4335106073119533,-0.485634956951991,-0.08578944159013328,-0.7363343897146044,-0.24514212119810683,-0.4396443196781077,-0.2451426777757137,-0.4377183699898252,-0.45959654486548324,-0.3134090413862594,-0.06740296744351705,-0.4185049837058097,-0.5490985013520864,-0.4905952438530704,-0.4440805723959785,-0.2893801534330561,0
-0.053060545026392646,0.04628303112852694,0.616343907344328,0.2347331057657255,-0.18664932597393427,-0.20505364579023053,-0.5468197346876329,0.002494687416366709,-0.08565667405798336,-0.1985237232243936,-0.2106363595728056,-0.19852494620727246,-0.2145128462794467,-0.20960904506164954,-0.5506414462393048,-0.06740296744351705,0.4785060572433347,-0.08090608526323974,-0.16468397709896196,-0.21895893718286843,0.07929238519164403,1
-0.4844382780568134,-0.5065574967572393,-0.4136996581523865,-0.4427417027531922,-0.5880993845698086,-0.49930739509381,1.533462708324189,-0.8424217303289396,-0.7163335178161773,-0.2592261292145923,-0.5050751654224797,-0.2592268227143909,-0.4377183699898252,-0.423884044893507,-0.4557484842980867,-0.06740296744351705,-1.0165123443385726,-0.6317206924265887,-0.5876751956521665,-0.5834415846707609,-0.5351618458495229,0
-0.5922827113144186,-0.5065574967572393,-0.4136996581523865,-0.4427417027531922,-0.5373899034840139,-0.4703108082186596,0.43213670908263613,-0.7180778866578128,-0.5352866643979478,-0.25725703038396364,-0.4723597425502936,-0.2572575888460817,-0.32611560813463597,-0.45959654486548324,-0.40830200332747757,-0.06740296744351705,-0.6178407705833973,-0.5766392317102538,-0.5183323729385264,-0.562001428936179,-0.5351618458495229,0
-0.6332635959523085,-0.462330254526378,-0.3106953016027151,-0.37499422190130044,-0.6206379682665267,-0.513381281452476,7.040092704531952,-0.9170280365316156,-0.9630975217578102,-0.25967209001714997,1.6050696098335178,-0.259523905410041,-0.2145128462794467,-0.3881715449215308,-0.4557484842980867,17.81685106090301,-1.3952503394059892,-0.6812940070712902,-0.6209597505547138,-0.6027377248318846,-0.5105836766078762,0
-0.5060071647083344,-0.395989391180086,-0.4136996581523865,-0.27337300062346276,-0.5204867431220823,-0.4581316941090592,0.0650280426687853,-0.6130073387557107,-0.5677556122850048,-0.25542145033138175,-0.4723597425502936,-0.25542173904520715,-0.4377183699898252,-0.3881715449215308,-0.4557484842980867,-0.06740296744351705,-0.6178407705833973,-0.49401704063575147,-0.5322009374812544,-0.4976809617324332,-0.41227099964128955,0
-0.3118871848446451,-0.17485318002577954,0.3588330159701494,-0.4427417027531922,-0.05564983316896477,-0.14444831492199847,-0.6691892901589164,0.5172782002148315,-0.2773533423831675,-0.1488811451376259,-0.14520551382843358,-0.14888182147292509,-0.4377183699898252,-0.3524590449495545,-0.3608555223568685,-0.06740296744351705,0.17950237692695326,-0.30123192812857935,0.00867307968513829,-0.1546384699791227,-0.16648930722482275,0
-0.247180524890082,-0.5065574967572393,-0.4136996581523865,-0.4427417027531922,-0.12748826470717384,-0.2068334174114626,-0.4244501792163492,-0.2517884728910875,0.2177331749986767,-0.21432407403960493,-0.2106363595728056,-0.21432489528613288,-0.32611560813463597,-0.3524590449495545,-0.07617663653321406,-0.06740296744351705,-0.7175086640221912,-0.19106900669590954,-0.20628967072714602,-0.004557379837049338,-0.5351618458495229,1
-0.18247386493551887,-0.395989391180086,-0.4136996581523865,-0.27337300062346276,-0.2838424980550407,-0.28301311902056864,-0.3632654014807074,-0.28411787224558044,-0.04175865651468224,-0.22706198103543965,-0.2924249167532706,-0.22706307372615045,-0.4377183699898252,-0.031046545201768312,-0.5031949652686958,-0.06740296744351705,0.17950237692695326,-0.16352827633774208,-0.25482964662669405,-0.32615971585577797,-0.41227099964128955,0
0.5292993945646755,0.5991235590142931,0.616343907344328,0.7428392121549137,0.29086495425063197,0.20418430268568735,-0.6691892901589164,0.6702211279303173,0.27306026219822177,-0.022619873909919225,0.19830642632951948,-0.02262046323920127,-0.4377183699898252,-0.17389654508967328,0.2559487302610495,-0.06740296744351705,0.9768455244373038,0.4148270611837743,0.26524152372560666,0.3277650340489702,0.693746616232811,0
-0.3118871848446451,-0.2854212856029328,0.10132212459597074,-0.4427417027531922,-0.4866804223982193,-0.43471537579401803,-0.3632654014807074,-0.34131604033429874,-0.6404860555520123,-0.2493671619254201,-0.4396443196781077,-0.24936731496610126,-0.32611560813463597,-0.45959654486548324,-0.3608555223568685,-0.06740296744351705,-0.21916919682822203,-0.49401704063575147,-0.4905952438530704,-0.47624080599785135,-0.2893801534330561,0
0.011646114928170474,-0.0642850744486263,0.3588330159701494,0.06536440363599608,-0.16129458543103695,-0.1832747173667229,-0.5468197346876329,0.07461411674562024,-0.08721518355656196,-0.18948048695609318,-0.19427864813671258,-0.18948150643519718,-0.10291008442425745,0.07609095471416041,0.35084169220226763,-0.06740296744351705,0.7775097375597162,-0.10844681562140719,-0.09534115438532186,-0.26183924865203223,-0.04359846101658937,0
-0.07462943167791368,-0.2854212856029328,-0.4136996581523865,-0.4427417027531922,-0.0767787836213792,-0.1063173924646478,-0.4244501792163492,-0.24930159601766502,0.6096983138912282,-0.19928785213427455,-0.1124900909562476,-0.19928887313894414,-0.4377183699898252,0.9331909540415902,0.018716325408004088,-0.06740296744351705,-0.019833409950634387,0.33220487010927197,-0.15081541255623393,0.038322931632114476,-0.2893801534330561,0
-0.5275760513598555,-0.5065574967572393,-0.4136996581523865,-0.4427417027531922,-0.6050025449317401,-0.5077352982478905,3.1854517071865174,-0.9045936521645029,-0.7958175022436926,-0.2595635639064369,-0.5214328768585726,-0.25956392063027145,-0.4377183699898252,-0.45959654486548324,-0.5506414462393048,-0.06740296744351705,-1.2158481312161602,-0.6592614227847562,-0.6084780424662586,-0.5941616625380518,-0.5351618458495229,0
-0.4844382780568134,-0.5065574967572393,-0.4136996581523865,-0.4427417027531922,-0.43597094131242464,-0.41133191480121506,-0.3632654014807074,-0.33696400580580926,-0.5381439318120088,-0.2462498150767256,-0.42328660824201464,-0.24625097811785326,0.00869267743093182,-0.3881715449215308,-0.3134090413862594,-0.06740296744351705,-0.5181728771446035,-0.49401704063575147,-0.43512098568215835,-0.4333604945286875,-0.5351618458495229,0
0.292041641397944,0.04628303112852694,-0.4136996581523865,0.06536440363599608,0.9796687389993426,0.8498909230890586,-0.7303740678945583,1.1682182218331802,0.8600988399962112,0.3248801263021787,0.8362571723371466,0.32487898473636784,1.5711313434035816,0.5403534543498516,1.0150924257907945,-0.06740296744351705,1.6745207785088603,0.9931823987052908,1.0696182672038317,0.831608693811645,0.07929238519164403,0
1.45676152058008,0.4885554534371399,1.903898364215221,0.5734705100251843,1.4276024885905287,1.3636315849433511,-0.6691892901589164,0.6963333351012541,2.271848694125447,0.36970423938523866,1.3433462268560294,0.3697033068890274,0.23189820114131035,1.5760159535371625,1.7742361213205398,-0.06740296744351705,1.6745207785088603,2.0672708826738213,1.5480837439279482,1.2282515749014105,0.5708557700245775,0
-0.4628693914052924,-0.2854212856029328,0.10132212459597074,-0.4427417027531922,-0.5247125332125653,-0.46405148833229576,-0.30208062374506556,-0.37613231656221424,-0.7594522806101889,-0.2535251738009895,-0.4723597425502936,-0.2535264727052026,-0.4377183699898252,-0.45959654486548324,-0.5506414462393048,-0.06740296744351705,-0.5181728771446035,-0.6041799620684213,-0.5183323729385264,-0.5298411953343061,-0.2893801534330561,0
-0.26874941154160303,-0.2854212856029328,-0.4136996581523865,-0.4427417027531922,-0.42751936113145883,-0.3960861172827224,-0.179711068273782,-0.4986110025782741,-0.3004712332787521,-0.24801156234386895,-0.40692889680592165,-0.24801164780799181,0.00869267743093182,-0.45959654486548324,-0.4557484842980867,-0.06740296744351705,-0.4185049837058097,-0.3563133888449142,-0.43512098568215835,-0.4119203387941056,-0.35082557653717283,0
-0.11776720498095576,-0.395989391180086,-0.4136996581523865,-0.27337300062346276,-0.03452088271655033,-0.09807568080325005,-0.5468197346876329,-0.03729534255839389,0.280593058108019,-0.18062250630819063,-0.1124900909562476,-0.18062359177509926,-0.2145128462794467,-0.31674654497757826,-0.07617663653321406,-0.06740296744351705,-0.1195013033894282,0.08433829688576495,-0.10227543665668586,0.07048316523398734,-0.41227099964128955,0
-0.247180524890082,-0.17485318002577954,-0.4136996581523865,0.06536440363599608,-0.059875623259447654,-0.1134748124921873,-0.6080045124232746,0.1392729154546061,0.042400856408569214,-0.1695646320094838,-0.12884780239234062,-0.16956484000232822,-0.10291008442425745,-0.45959654486548324,-0.3608555223568685,-0.06740296744351705,0.07983448348815944,0.0567975665275975,-0.14388113028486993,0.07048316523398734,-0.16648930722482275,0
1.3273482006709538,-0.17485318002577954,-0.4136996581523865,0.06536440363599608,2.847467958992779,2.9002425929521443,-0.6691892901589164,0.6584084627815604,5.081841320062903,0.8593569400398102,2.8809711018487723,0.8593562184419538,0.3435009629964996,1.183178453845424,2.391040373938458,-0.06740296744351705,0.87717763099851,3.9124998166710405,2.48421185056209,3.3829872262268923,-0.16648930722482275,1
-0.3981627314507293,-0.2854212856029328,-0.4136996581523865,-0.27337300062346276,-0.1781977457929685,-0.22651495343210293,-0.5468197346876329,0.12870368874256044,-0.24384538816372475,-0.19558651220440593,-0.22699407100889862,-0.19558685897641453,0.3435009629964996,-0.13818404511769705,0.16105576831983132,-0.06740296744351705,-0.1195013033894282,-0.24615046741224442,-0.199355388455782,-0.14391839211183174,-0.2893801534330561,0
-0.247180524890082,-0.395989391180086,-0.4136996581523865,-0.4427417027531922,-0.38526146022663,-0.3709831230927906,-0.3632654014807074,-0.3400726018975875,-0.35501906572900765,-0.24105962624997967,-0.37421347393373566,-0.24105991272977947,-0.4377183699898252,-0.45959654486548324,-0.40830200332747757,-0.06740296744351705,-0.4185049837058097,-0.3563133888449142,-0.4073838565967023,-0.3475998715903599,-0.41227099964128955,0
2.146965893428753,1.5942365092086723,1.6463874728410424,1.0815766164143725,1.9389230895389582,1.831131041967848,-0.7915588456302002,2.2102196317972225,1.1590729121402317,1.2289653459901861,1.8177198585027265,1.2289646818860467,2.129145152679528,1.8617159533129726,0.018716325408004088,-0.06740296744351705,2.2725281391416234,1.9020265005248167,1.7907836234256886,2.1501782714884325,1.6768733858986782,1
-0.5275760513598555,-0.5065574967572393,-0.4136996581523865,-0.4427417027531922,-0.5078093728506337,-0.4478254473670322,0.3097671536113526,-0.6869919257400311,-0.36826639646692694,-0.2556047523470554,-0.4560020311142007,-0.25560605157475336,-0.10291008442425745,-0.3524590449495545,-0.40830200332747757,-0.06740296744351705,-0.5181728771446035,-0.43893557991941656,-0.5044638083957984,-0.5084010395997242,-0.5351618458495229,0
2.664619173065258,1.2625321924772126,1.903898364215221,1.5896827228035608,2.3107926175014524,2.3026609971868885,-0.7303740678945583,1.4001194902798315,2.466922133030885,1.076830196966835,2.275735778713331,1.076829239734846,1.7943368671139601,3.79019095179969,0.6829670589965311,-0.06740296744351705,2.073192352264036,2.94857425413518,2.213774841978893,2.439620373905288,1.1238645779616279,0
-0.5491449380113765,-0.5065574967572393,-0.4136996581523865,-0.4427417027531922,-0.5120351629411166,-0.456324541385962,0.0650280426687853,-0.6067901465721545,-0.5610020711244968,-0.25521409876789647,-0.4560020311142007,-0.2552143874494677,0.00869267743093182,-0.28103404500560203,-0.4557484842980867,-0.06740296744351705,-0.7175086640221912,-0.5215577709939189,-0.5183323729385264,-0.4976809617324332,-0.5351618458495229,0
0.5292993945646755,0.9308278757457529,1.6463874728410424,0.2347331057657255,0.9205076777325822,0.7304655091941996,-0.7915588456302002,2.0945798571830747,0.18993975560735596,0.5018990797200877,0.7217531922844956,0.5018990435411659,-0.32611560813463597,0.3617909544899704,0.5406276160847039,-0.06740296744351705,1.5748528850700667,0.46990852190010923,0.9517354685906435,0.863768927413518,1.0624191548575113,0
0.4214549613070702,0.4885554534371399,1.903898364215221,0.9122079142846431,-0.051424043078481876,-0.11248909282504334,-0.3632654014807074,-0.3009042911411825,0.7029491322228556,-0.20431548757483145,-0.12884780239234062,-0.20431623989880257,-0.4377183699898252,-0.45959654486548324,0.018716325408004088,-0.06740296744351705,-0.21916919682822203,0.08433829688576495,-0.032932613943045766,-0.07959792490808602,0.5708557700245775,0
-0.4197316181022503,-0.2854212856029328,-0.4136996581523865,-0.4427417027531922,-0.4190677809504931,-0.39623397523279397,-0.485634956951991,-0.08578944159013328,-0.615809655157849,-0.23841612959542272,-0.40692889680592165,-0.2384164830297092,-0.4377183699898252,-0.45959654486548324,-0.5031949652686958,-0.06740296744351705,-0.31883709026701584,-0.466476310277584,-0.44205526795352235,-0.37976010519223274,-0.2893801534330561,0
-0.4844382780568134,-0.5065574967572393,-0.4136996581523865,-0.4427417027531922,-0.4866804223982193,-0.44022445348927797,0.0650280426687853,-0.6130073387557107,-0.4306067764100762,-0.25405844052501464,-0.4560020311142007,-0.2540587963925104,-0.4377183699898252,-0.3881715449215308,-0.26596256041565036,-0.06740296744351705,-0.6178407705833973,-0.49401704063575147,-0.4767266793103424,-0.4976809617324332,-0.5351618458495229,0
-0.5275760513598555,-0.5065574967572393,-0.4136996581523865,-0.4427417027531922,-0.571196224207877,-0.4904413943098877,1.1051692641746962,-0.8113357694111579,-0.6228229479014534,-0.2588080578036145,-0.5050751654224797,-0.2588084817756183,-0.10291008442425745,-0.3881715449215308,-0.3134090413862594,-0.06740296744351705,-1.0165123443385726,-0.5766392317102538,-0.5807409133808025,-0.551281351068888,-0.5351618458495229,0
-0.247180524890082,-0.2854212856029328,-0.4136996581523865,-0.10400429849373335,-0.31342302868842087,-0.31332947500561725,-0.30208062374506556,-0.3916752970211051,-0.02019927511767648,-0.23560132201625794,-0.32514033962545663,-0.2356020792068362,0.5667064867068782,-0.20960904506164954,0.06616280637861316,-0.06740296744351705,-0.21916919682822203,-0.218609737054077,-0.30336962252624217,-0.32615971585577797,-0.2893801534330561,0
-0.07462943167791368,-0.17485318002577954,0.10132212459597074,-0.10400429849373335,-0.22468143678828026,-0.22838234457930334,-0.5468197346876329,0.12870368874256044,-0.24930017140875027,-0.19597797417172658,-0.24335178244499162,-0.1959785231017002,-0.10291008442425745,-0.28103404500560203,0.49318113511409484,-0.06740296744351705,0.9768455244373038,-0.16352827633774208,-0.17161825937032596,-0.30471956012119605,-0.16648930722482275,0
-0.5275760513598555,-0.5065574967572393,-0.4136996581523865,-0.4427417027531922,-0.6050025449317401,-0.5077352982478905,2.1453104856806067,-0.8735076912467212,-0.8462093093644052,-0.2595244244462729,-0.5214328768585726,-0.25952511799247224,-0.4377183699898252,-0.45959654486548324,-0.5506414462393048,-0.06740296744351705,-1.1161802377773664,-0.6868021531429236,-0.6015437601948945,-0.6048817404053428,-0.5351618458495229,0
2.146965893428753,2.5893494594030515,1.1313656900926852,3.960844552619773,2.4544694805778704,2.2804220662520467,-0.7915588456302002,2.476315457253434,1.3751862292764825,1.6613919118470644,2.2593780672772374,1.6613909781797451,4.584405913493692,0.004665954770207932,1.964022045202976,-0.06740296744351705,1.873856565386448,1.8744857701666493,2.2831176646925333,2.696902242720271,2.905781847981012,0
-0.5491449380113765,-0.5065574967572393,-0.4136996581523865,-0.4427417027531922,-0.6050025449317401,-0.5077352982478905,3.1854517071865174,-0.9045936521645029,-0.7958175022436926,-0.2595635639064369,-0.5214328768585726,-0.25956392063027145,-0.32611560813463597,-0.423884044893507,-0.4557484842980867,-0.06740296744351705,-1.2158481312161602,-0.6592614227847562,-0.6084780424662586,-0.5941616625380518,-0.5351618458495229,0
-0.5275760513598555,-0.5065574967572393,-0.4136996581523865,-0.4427417027531922,-0.4782288422172535,-0.4357503814445192,0.0038432649331434313,-0.5781910625277952,-0.44645162297896,-0.2531756132867188,-0.4396443196781077,-0.25317603638257863,0.23189820114131035,-0.45959654486548324,-0.3608555223568685,-0.06740296744351705,-0.6178407705833973,-0.49401704063575147,-0.46979239703897835,-0.4869608838651423,-0.5351618458495229,0
-0.3118871848446451,-0.395989391180086,-0.4136996581523865,-0.27337300062346276,-0.4486483115838733,-0.40863761437768836,-0.24089584600942376,-0.43208704621422134,-0.4472308777282494,-0.2478758878640576,-0.42328660824201464,-0.24787705115812586,-0.4377183699898252,0.004665954770207932,-0.3134090413862594,-0.06740296744351705,-0.1195013033894282,-0.43893557991941656,-0.4281867034107943,-0.47624080599785135,-0.41227099964128955,0
-0.33345607149616613,-0.5065574967572393,-0.4136996581523865,-0.4427417027531922,-0.43174515122194174,-0.4156745575570213,0.24858237587571072,-0.6714489452811403,-0.10773555862118211,-0.2533248282682392,-0.42328660824201464,-0.2533251840216193,-0.4377183699898252,-0.45959654486548324,-0.3134090413862594,-0.06740296744351705,-1.0165123443385726,-0.43893557991941656,-0.45592383249625035,-0.3904801830595237,-0.5351618458495229,0
8.207823042506165,7.454346104797793,7.054116191698794,6.332006382435986,5.712553640340176,6.467961832433224,-0.7915588456302002,1.701031591963958,6.631519264816357,3.4691350507139216,6.430594483480954,3.46913433088088,4.584405913493692,11.646940945634464,1.4421107545262764,-0.06740296744351705,3.2692070735295613,7.933446448963487,5.8334701876309065,5.473402410348629,8.067197388726814,1
-0.1393360916324768,-0.17485318002577954,0.10132212459597074,-0.10400429849373335,-0.1739719557024856,-0.1922940523210898,-0.6080045124232746,0.19149732979647932,-0.19890836428803796,-0.18395117929549898,-0.19427864813671258,-0.18395213054881163,-0.32611560813463597,-0.20960904506164954,-0.3608555223568685,-0.06740296744351705,0.6778418441209223,-0.08090608526323974,-0.16468397709896196,-0.18679870358099557,-0.16648930722482275,1
-0.3550249581476872,-0.395989391180086,-0.4136996581523865,-0.4427417027531922,-0.4697772620362877,-0.43127083317938736,-0.24089584600942376,-0.4202743810654643,-0.5737298986962233,-0.25022041563013253,-0.4396443196781077,-0.2502209729976836,-0.10291008442425745,-0.45959654486548324,-0.3608555223568685,-0.06740296744351705,-0.5181728771446035,-0.5215577709939189,-0.46285811476761435,-0.47624080599785135,-0.41227099964128955,0
-0.031491658374871605,0.15685113670568018,0.616343907344328,-0.27337300062346276,-0.2035524863358658,-0.23549047862348563,-0.6691892901589164,0.5769632451769722,-0.47528404870266666,-0.17285834220879706,-0.24335178244499162,-0.17285942646796626,-0.4377183699898252,-0.13818404511769705,-0.3134090413862594,-0.06740296744351705,0.3788381638045409,-0.30123192812857935,-0.21322395299851002,-0.18679870358099557,0.2021832313998774,0
-0.33345607149616613,-0.395989391180086,-0.4136996581523865,-0.4427417027531922,-0.45709989176483906,-0.41365930845974935,-0.3632654014807074,-0.33634228658745363,-0.54905349830206,-0.24653989169542853,-0.42328660824201464,-0.24654078531891602,-0.4377183699898252,-0.20960904506164954,-0.21851607944504128,-0.06740296744351705,-0.21916919682822203,-0.4113948495612491,-0.4767266793103424,-0.42264041666139657,-0.41227099964128955,0
0.07635277488273359,0.04628303112852694,-0.4136996581523865,-0.10400429849373335,-0.05564983316896477,-0.10574238932548054,-0.4244501792163492,-0.2144853197897495,0.5398251380382815,-0.19636957087040752,-0.1124900909562476,-0.19637018722698582,-0.4377183699898252,-0.17389654508967328,-0.26596256041565036,-0.06740296744351705,0.17950237692695326,0.08433829688576495,0.00867307968513829,-0.1546384699791227,0.07929238519164403,0
-0.22561163823856095,-0.0642850744486263,0.3588330159701494,-0.27337300062346276,-0.08945615389282786,-0.14650189756188164,-0.6691892901589164,0.4420501747937998,-0.24384538816372475,-0.15496325556948726,-0.1615632252645266,-0.15496413494794917,-0.32611560813463597,-0.28103404500560203,-0.40830200332747757,-0.06740296744351705,0.4785060572433347,-0.19106900669590954,-0.053735460757137796,-0.14391839211183174,-0.04359846101658937,0
-0.5707138246628976,-0.5065574967572393,-0.4136996581523865,-0.4427417027531922,-0.6050025449317401,-0.5077352982478905,2.1453104856806067,-0.8735076912467212,-0.8462093093644052,-0.2595244244462729,-0.5214328768585726,-0.25952511799247224,-0.2145128462794467,-0.45959654486548324,-0.40830200332747757,-0.06740296744351705,-1.1161802377773664,-0.6868021531429236,-0.6015437601948945,-0.6048817404053428,-0.5351618458495229,0
-0.4628693914052924,-0.5065574967572393,-0.4136996581523865,-0.4427417027531922,-0.5078093728506337,-0.4514178479317345,-0.057341512802498266,-0.5539440130119255,-0.5807431914398276,-0.25417377056942236,-0.4560020311142007,-0.2541739917234767,-0.4377183699898252,-0.45959654486548324,-0.4557484842980867,-0.06740296744351705,-0.5181728771446035,-0.5215577709939189,-0.5044638083957984,-0.5084010395997242,-0.5351618458495229,0
-0.5275760513598555,-0.5065574967572393,-0.4136996581523865,-0.4427417027531922,-0.5542930638459455,-0.4786456156263988,0.43213670908263613,-0.7180778866578128,-0.6233424510676462,-0.2577187547556752,-0.48871745398638666,-0.2577195827523784,-0.32611560813463597,-0.20960904506164954,-0.3134090413862594,-0.06740296744351705,-0.6178407705833973,-0.5766392317102538,-0.5460695020239825,-0.562001428936179,-0.5351618458495229,0
-0.1393360916324768,-0.0642850744486263,-0.4136996581523865,-0.27337300062346276,-0.11903668452620808,-0.15532956480319277,-0.485634956951991,-0.052838323017284736,0.12266409558537406,-0.19259810326750829,-0.1615632252645266,-0.19259905586587636,-0.10291008442425745,0.25465345457404165,0.5406276160847039,-0.06740296744351705,0.3788381638045409,-0.025824624546904842,-0.07453830757122983,-0.18679870358099557,-0.04359846101658937,0
0.03321500157969151,-0.17485318002577954,-0.4136996581523865,0.06536440363599608,-0.11481089443572519,-0.15909172819945872,-0.6080045124232746,0.1566810535685639,-0.09007245097062314,-0.1785922394399906,-0.1615632252645266,-0.17859251620279756,-0.10291008442425745,0.3975034544619466,0.06616280637861316,-0.06740296744351705,0.3788381638045409,-0.10844681562140719,-0.08840687211395784,-0.1546384699791227,-0.16648930722482275,1
-0.4197316181022503,-0.395989391180086,-0.4136996581523865,-0.4427417027531922,-0.49090621248870214,-0.4424642276218439,-0.4244501792163492,-0.2517884728910875,-0.7137360019852128,-0.24910719776574186,-0.4560020311142007,-0.24910782232581913,-0.2145128462794467,-0.3881715449215308,-0.40830200332747757,-0.06740296744351705,-0.31883709026701584,-0.5766392317102538,-0.4767266793103424,-0.5084010395997242,-0.41227099964128955,0
-0.3550249581476872,0.04628303112852694,0.616343907344328,-0.4427417027531922,-0.3768098800456642,-0.36222117049595576,-0.5468197346876329,0.09637428938806751,-0.5874967326003354,-0.22680006327103716,-0.37421347393373566,-0.22680115592100586,-0.2145128462794467,-0.3881715449215308,-0.26596256041565036,-0.06740296744351705,0.07983448348815944,-0.43893557991941656,-0.37271244523988223,-0.37976010519223274,0.07929238519164403,0
0.11949054818577566,-0.17485318002577954,-0.4136996581523865,0.06536440363599608,0.03309175873117587,-0.04769992959182266,-0.5468197346876329,0.09823944704313425,0.2579946703786274,-0.15853363661715467,-0.06341695664796855,-0.15853397762547528,-0.2145128462794467,0.004665954770207932,-0.40830200332747757,-0.06740296744351705,0.17950237692695326,0.029256836169430055,0.06414733785605037,-0.015277457704340292,-0.22793473032893943,0
0.011646114928170474,-0.0642850744486263,-0.4136996581523865,-0.4427417027531922,-0.3430035593218011,-0.35823448206439584,-0.6080045124232746,0.2418565864832858,-0.6259399668986108,-0.2214546639172379,-0.37421347393373566,-0.2214548799817353,-0.32611560813463597,-0.31674654497757826,-0.5031949652686958,-0.06740296744351705,-0.4185049837058097,-0.49401704063575147,-0.36577816296851823,-0.30471956012119605,-0.04359846101658937,0
-0.3765938447992082,-0.2854212856029328,-0.4136996581523865,-0.10400429849373335,-0.32610039895986953,-0.3292159903077534,-0.4244501792163492,-0.1771821666884115,-0.3324206779996161,-0.22966081424406065,-0.3414980510615497,-0.22966163787626542,0.00869267743093182,-0.45959654486548324,-0.3134090413862594,-0.06740296744351705,-0.31883709026701584,-0.30123192812857935,-0.36577816296851823,-0.26183924865203223,-0.2893801534330561,0
-0.29031829819312405,-0.0642850744486263,0.3588330159701494,-0.27337300062346276,-0.11903668452620808,-0.17435395437907045,-0.6691892901589164,0.46132347056282436,-0.3103417934364173,-0.1615900848909984,-0.17792093670061962,-0.16159089793459325,-0.32611560813463597,-0.1024715451457208,-0.3608555223568685,-0.06740296744351705,0.3788381638045409,-0.24615046741224442,-0.08840687211395784,-0.16535854784641366,-0.04359846101658937,0
-0.5060071647083344,-0.5065574967572393,-0.4136996581523865,-0.4427417027531922,-0.49935779266966795,-0.4469437758869757,0.18739759814006887,-0.6478236149836263,-0.4306067764100762,-0.25503423240191014,-0.4560020311142007,-0.2550349252496464,-0.4377183699898252,-0.45959654486548324,-0.5506414462393048,-0.06740296744351705,-0.6178407705833973,-0.49401704063575147,-0.4905952438530704,-0.5084010395997242,-0.5351618458495229,0
0.313610528049465,1.0413959813229061,3.191452821086114,-0.27337300062346276,1.829052547186403,1.2332427778617026,-0.8527436233658419,4.949514507872145,-0.13033394635057366,1.7964937833771963,1.2124845353672857,1.79649327491953,-0.32611560813463597,0.11180345468613666,-0.12362311750382314,-0.06740296744351705,0.7775097375597162,-0.10844681562140719,2.130563454722525,1.3461724314416108,1.1853100010657447,0
-0.5275760513598555,-0.5065574967572393,-0.4136996581523865,-0.4427417027531922,-0.6007767548412573,-0.505599572302412,2.1453104856806067,-0.8735076912467212,-0.7955577506605963,-0.2594718792157601,-0.5050751654224797,-0.2594729769479296,-0.4377183699898252,-0.45959654486548324,-0.5506414462393048,-0.06740296744351705,-1.1161802377773664,-0.6592614227847562,-0.6015437601948945,-0.5941616625380518,-0.5351618458495229,0
-0.5275760513598555,-0.5065574967572393,-0.4136996581523865,-0.4427417027531922,-0.571196224207877,-0.4894666270834898,0.8604301532321287,-0.7802498084933762,-0.6630844432814039,-0.2586205117500917,-0.5050751654224797,-0.2586217440812097,-0.4377183699898252,-0.45959654486548324,-0.5506414462393048,-0.06740296744351705,-0.8171765574609849,-0.6041799620684213,-0.5668723488380745,-0.5727215068034699,-0.5351618458495229,0
0.39988607465554915,0.15685113670568018,-0.4136996581523865,0.2347331057657255,0.3415744353364266,0.22053082049915732,-0.485634956951991,-0.1523133979541861,1.564285381770702,-0.13673619085842456,0.2146641377656125,-0.13673659584177653,0.23189820114131035,-0.31674654497757826,-0.40830200332747757,-0.06740296744351705,-0.019833409950634387,0.46990852190010923,0.41779573369561485,0.2205642553760607,0.2021832313998774,1
-0.6354204846174607,-0.5065574967572393,-0.4136996581523865,-0.4427417027531922,-0.6219057052936716,-0.5135455680636666,5.204549372462698,-0.9356796130822846,-0.9708900692507038,-0.25967411098755433,1.1143382667507276,-0.2595602828829777,-0.32611560813463597,-0.423884044893507,-0.5031949652686958,8.874724046729746,-1.4151839180937478,-0.6868021531429236,-0.6223466070089866,-0.6048817404053428,-0.5351618458495229,1
-0.5491449380113765,-0.5065574967572393,-0.4136996581523865,-0.4427417027531922,-0.6007767548412573,-0.505599572302412,2.1453104856806067,-0.8735076912467212,-0.7955577506605963,-0.2594718792157601,-0.5050751654224797,-0.2594729769479296,-0.32611560813463597,-0.20960904506164954,-0.5031949652686958,-0.06740296744351705,-1.1161802377773664,-0.6592614227847562,-0.6015437601948945,-0.5941616625380518,-0.5351618458495229,0
-0.4844382780568134,-0.5065574967572393,-0.4136996581523865,-0.4427417027531922,-0.5796478043888428,-0.49718262158907756,1.4110931528529052,-0.8318525036168938,-0.6960728943346538,-0.25912609117957747,-0.5050751654224797,-0.25912739095503046,-0.4377183699898252,-0.45959654486548324,-0.40830200332747757,-0.06740296744351705,-1.1161802377773664,-0.6317206924265887,-0.5807409133808025,-0.5727215068034699,-0.5351618458495229,0
-0.4844382780568134,-0.5065574967572393,-0.4136996581523865,-0.4427417027531922,-0.5247125332125653,-0.45728835617161384,0.3097671536113526,-0.6869919257400311,-0.4578806926352041,-0.2561870612862259,-0.4723597425502936,-0.2561880911417413,-0.4377183699898252,-0.20960904506164954,-0.21851607944504128,-0.06740296744351705,-0.5181728771446035,-0.43893557991941656,-0.5322009374812544,-0.5084010395997242,-0.5351618458495229,1
-0.3550249581476872,-0.395989391180086,-0.4136996581523865,-0.4427417027531922,-0.5204867431220823,-0.4606069457176651,-0.3632654014807074,-0.3139603947266509,-0.7662058217706967,-0.2524431462465058,-0.4723597425502936,-0.2524436365941188,-0.4377183699898252,-0.45959654486548324,-0.40830200332747757,-0.06740296744351705,-0.5181728771446035,-0.5766392317102538,-0.5322009374812544,-0.4976809617324332,-0.41227099964128955,0
-0.5707138246628976,-0.5065574967572393,-0.4136996581523865,-0.4427417027531922,-0.571196224207877,-0.4927359306461839,1.1051692641746962,-0.8113357694111579,-0.6591881695349571,-0.25889266909787617,-0.5050751654224797,-0.25889336254580403,-0.4377183699898252,-0.45959654486548324,-0.5506414462393048,-0.06740296744351705,-1.1161802377773664,-0.6041799620684213,-0.5807409133808025,-0.551281351068888,-0.5351618458495229,0
0.05478388823121255,-0.395989391180086,-0.4136996581523865,-0.27337300062346276,-0.05564983316896477,-0.10574238932548054,-0.3632654014807074,-0.27354864553353464,0.6658046558400627,-0.2011738217156047,-0.1124900909562476,-0.20117443881949887,-0.2145128462794467,-0.45959654486548324,0.35084169220226763,-0.06740296744351705,-0.31883709026701584,0.22204194867660218,-0.15081541255623393,0.09192332096856926,-0.41227099964128955,0
-0.4844382780568134,-0.5065574967572393,-0.4136996581523865,-0.4427417027531922,-0.46132568185532197,-0.42503341817451556,-0.179711068273782,-0.4923938103947177,-0.4768425582012453,-0.25077955077533326,-0.4396443196781077,-0.25077997349847825,0.12029543928612109,-0.45959654486548324,-0.3134090413862594,-0.06740296744351705,-0.5181728771446035,-0.49401704063575147,-0.44898955022488635,-0.47624080599785135,-0.5351618458495229,0
0.011646114928170474,-0.0642850744486263,0.616343907344328,0.2347331057657255,-0.03452088271655033,-0.07085338932895875,-0.485634956951991,-0.07522021487808751,0.42007965823081556,-0.1787773603290282,-0.07977466808406156,-0.17877804131477498,0.6783092485620674,-0.13818404511769705,0.5406276160847039,-0.06740296744351705,0.2791702703657471,0.3046641397511045,-0.08147258984259384,0.038322931632114476,-0.04359846101658937,0
-0.247180524890082,-0.395989391180086,-0.4136996581523865,-0.27337300062346276,-0.38526146022663,-0.3594502029872067,-0.24089584600942376,-0.44389971136297834,-0.1731929575614888,-0.24273817690214436,-0.37421347393373566,-0.24273933939702594,-0.4377183699898252,-0.3524590449495545,-0.4557484842980867,-0.06740296744351705,-0.019833409950634387,-0.2736911977704119,-0.36577816296851823,-0.4119203387941056,-0.41227099964128955,0
-0.4628693914052924,-0.395989391180086,-0.4136996581523865,-0.27337300062346276,-0.5162609530315995,-0.4547200088166667,0.18739759814006887,-0.6559059648222495,-0.4848948572772354,-0.2556638320485422,-0.4560020311142007,-0.2556642555314521,-0.4377183699898252,-0.3881715449215308,-0.40830200332747757,-0.06740296744351705,-0.6178407705833973,-0.466476310277584,-0.5252666552098905,-0.4976809617324332,-0.41227099964128955,0
-0.5922827113144186,-0.5065574967572393,-0.4136996581523865,-0.4427417027531922,-0.6050025449317401,-0.5077352982478905,2.1453104856806067,-0.8735076912467212,-0.8462093093644052,-0.2595244244462729,-0.5214328768585726,-0.25952511799247224,-0.4377183699898252,-0.45959654486548324,-0.5031949652686958,-0.06740296744351705,-1.1161802377773664,-0.6868021531429236,-0.6015437601948945,-0.6048817404053428,-0.5351618458495229,0
-0.3118871848446451,-0.17485318002577954,-0.4136996581523865,-0.4427417027531922,-0.3007456584169722,-0.3113799405528214,-0.6080045124232746,0.2219615714959055,-0.5067139902573377,-0.210766964030926,-0.32514033962545663,-0.21076717843291906,0.7899120104172567,0.6117784542938041,-0.21851607944504128,-0.06740296744351705,-0.019833409950634387,-0.3563133888449142,-0.33110675161169817,-0.2511191707847413,-0.16648930722482275,0
-0.4628693914052924,-0.5065574967572393,-0.4136996581523865,-0.4427417027531922,-0.2838424980550407,-0.3134389994130776,-0.6080045124232746,0.2592647245972434,-0.5261953589895718,-0.20976564056125566,-0.32514033962545663,-0.20976679792715852,-0.4377183699898252,-0.3881715449215308,-0.40830200332747757,-0.06740296744351705,-0.1195013033894282,-0.466476310277584,-0.24789536435533008,-0.3368797937230689,-0.5351618458495229,0
-0.1393360916324768,0.37798734785998667,-0.4136996581523865,0.7428392121549137,-0.31342302868842087,-0.3192821265510919,-0.3632654014807074,-0.27354864553353464,-0.20358389278377415,-0.23176875374146744,-0.32514033962545663,-0.2317691061417343,-0.4377183699898252,-0.45959654486548324,-0.12362311750382314,-0.06740296744351705,-0.4185049837058097,-0.24615046741224442,-0.36577816296851823,-0.22967901505015936,0.4479649238163442,0
-0.5060071647083344,-0.395989391180086,-0.4136996581523865,-0.27337300062346276,-0.5204867431220823,-0.4581316941090592,0.0650280426687853,-0.6130073387557107,-0.5677556122850048,-0.25542145033138175,-0.4723597425502936,-0.25542173904520715,-0.4377183699898252,-0.3881715449215308,-0.4557484842980867,-0.06740296744351705,-0.6178407705833973,-0.49401704063575147,-0.5322009374812544,-0.4976809617324332,-0.41227099964128955,0
-0.5922827113144186,-0.5065574967572393,-0.4136996581523865,-0.4427417027531922,-0.5965509647507743,-0.503332417067981,1.533462708324189,-0.8424217303289396,-0.7927004832465353,-0.2593498799690181,-0.5050751654224797,-0.2593505061223758,-0.4377183699898252,-0.45959654486548324,-0.5506414462393048,-0.06740296744351705,-1.0165123443385726,-0.6592614227847562,-0.5946094779235306,-0.5941616625380518,-0.5351618458495229,0
0.011646114928170474,-0.0642850744486263,-0.4136996581523865,0.2347331057657255,-0.030295092626067444,-0.11184837504139981,-0.5468197346876329,0.03171549067908143,0.15539279505552742,-0.17773810998143635,-0.12884780239234062,-0.17773885817121524,0.12029543928612109,-0.45959654486548324,-0.07617663653321406,-0.06740296744351705,-0.31883709026701584,-0.025824624546904842,-0.1300125657421419,0.12408355457044211,-0.04359846101658937,0
0.16262832148881776,-0.17485318002577954,-0.4136996581523865,-0.4427417027531922,0.07112386954552186,-0.014995941524136561,-0.6691892901589164,0.5116827272496308,-0.02175778461625527,-0.11062437748050931,-0.0307015337757826,-0.11062484576777953,-0.4377183699898252,-0.06675904517374455,-0.07617663653321406,-0.06740296744351705,0.3788381638045409,0.029256836169430055,0.03641020877059433,0.12408355457044211,-0.22793473032893943,0
-0.4628693914052924,-0.395989391180086,-0.4136996581523865,-0.4427417027531922,-0.46132568185532197,-0.4202855351111057,-0.30208062374506556,-0.37613231656221424,-0.551910765716121,-0.24814110654678717,-0.42328660824201464,-0.24814139412813285,-0.2145128462794467,-0.28103404500560203,-0.40830200332747757,-0.06740296744351705,-0.31883709026701584,-0.466476310277584,-0.46285811476761435,-0.45480065026326943,-0.41227099964128955,0
-0.5707138246628976,-0.5065574967572393,-0.4136996581523865,-0.4427417027531922,-0.5627446440269113,-0.4880537622272503,0.7380605977608453,-0.7647068280344853,-0.6675002201940436,-0.25847965011290924,-0.48871745398638666,-0.25847987193675637,-0.10291008442425745,-0.423884044893507,-0.5031949652686958,-0.06740296744351705,-1.0165123443385726,-0.6041799620684213,-0.5668723488380745,-0.551281351068888,-0.5351618458495229,0
0.852832694337491,0.8202597701685996,1.1313656900926852,0.9122079142846431,0.8740239867372704,0.7252521473990828,-0.6691892901589164,0.7342582074209476,1.1128371303490625,0.1651340701017633,0.7053954808484025,0.1651333752467996,0.23189820114131035,0.07609095471416041,0.6355205780259221,-0.06740296744351705,0.87717763099851,0.9105602076307885,0.8823926458770035,0.853048849546227,0.9395283086492777,0
-0.4844382780568134,-0.5065574967572393,-0.4136996581523865,-0.4427417027531922,-0.5796478043888428,-0.4940830808579472,1.1051692641746962,-0.8113357694111579,-0.6804877993488665,-0.2589423849698229,-0.5050751654224797,-0.25894307842548425,-0.4377183699898252,-0.45959654486548324,-0.5506414462393048,-0.06740296744351705,-0.9168444508997787,-0.6041799620684213,-0.5807409133808025,-0.5727215068034699,-0.5351618458495229,0
0.292041641397944,0.2674192422828334,0.3588330159701494,0.5734705100251843,0.04576912900262453,0.017790189849144853,-0.4244501792163492,-0.1858862357453903,0.9346475443448939,-0.174222227769006,0.002013889096403436,-0.17422236912066302,-0.2145128462794467,0.6474909542657803,-0.07617663653321406,-0.06740296744351705,0.4785060572433347,0.635152904049114,0.02947592649923032,0.07048316523398734,0.3250740776081108,1
-0.031491658374871605,0.4885554534371399,1.903898364215221,0.7428392121549137,-0.12748826470717384,-0.1634507996163841,-0.6080045124232746,0.27232082818271175,-0.18306351771915416,-0.17153703175843954,-0.17792093670061962,-0.17153771161793113,-0.32611560813463597,-0.45959654486548324,-0.1710695984744322,-0.06740296744351705,0.4785060572433347,-0.08090608526323974,-0.1369468480135059,-0.11175815850995888,0.5708557700245775,0
-0.4844382780568134,-0.2854212856029328,-0.4136996581523865,-0.27337300062346276,-0.4444225214933904,-0.4106638159157064,-0.3632654014807074,-0.3344771289323868,-0.5368451738965265,-0.24610929026794381,-0.42328660824201464,-0.24611031855583115,0.3435009629964996,-0.3881715449215308,-0.26596256041565036,-0.06740296744351705,-0.31883709026701584,-0.466476310277584,-0.44205526795352235,-0.4440805723959785,-0.2893801534330561,0
-0.5922827113144186,-0.5065574967572393,-0.4136996581523865,-0.4427417027531922,-0.5965509647507743,-0.5041867074461724,1.533462708324189,-0.8424217303289396,-0.8088050813985155,-0.25937608521859434,-0.5050751654224797,-0.25937718293586276,-0.4377183699898252,-0.45959654486548324,-0.5506414462393048,-0.06740296744351705,-1.0165123443385726,-0.6868021531429236,-0.5876751956521665,-0.6048817404053428,-0.5351618458495229,0
-0.26874941154160303,-0.395989391180086,-0.4136996581523865,-0.27337300062346276,-0.3218746088693867,-0.310251839155979,-0.3632654014807074,-0.2747920839702459,-0.16566016165169162,-0.23051366375469215,-0.32514033962545663,-0.2305140833254165,-0.4377183699898252,-0.13818404511769705,-0.4557484842980867,-0.06740296744351705,0.17950237692695326,-0.19106900669590954,-0.31030390479760617,-0.3368797937230689,-0.41227099964128955,0
0.03321500157969151,-0.17485318002577954,-0.4136996581523865,0.06536440363599608,-0.13171405479765674,-0.19969790226541523,-0.6691892901589164,0.4165596868412188,-0.3412522318248956,-0.17169507164405895,-0.2106363595728056,-0.17169534733399033,-0.4377183699898252,-0.31674654497757826,0.2559487302610495,-0.06740296744351705,-0.1195013033894282,-0.2736911977704119,-0.17855254164168996,-0.05815776917350411,-0.2893801534330561,1
1.6293126137922482,0.8202597701685996,-0.4136996581523865,1.250945318544102,1.1529261327091411,0.9862707152587933,-0.6691892901589164,0.6832772315157857,1.6346780607898417,0.23943060088243542,0.9671188638258906,0.23942951339038046,-0.4377183699898252,0.040378454742184176,1.869129083261758,-0.06740296744351705,0.4785060572433347,1.2410489719287978,0.9586697508620075,1.4426531322472296,0.9395283086492777,0
0.7018504877768437,0.7096916645914464,0.10132212459597074,1.0815766164143725,1.457183019223909,1.3167222812280466,-0.7915588456302002,1.502703161308511,1.162189931137389,0.646178716781769,1.2942730925477508,0.6461781641204605,2.910364485665853,0.18322845463008916,2.9603981455857666,-0.06740296744351705,1.5748528850700667,1.4613748147941374,1.367792404872484,1.582014144522012,0.8166374624410443,0
-0.053060545026392646,-0.2854212856029328,-0.4136996581523865,-0.10400429849373335,-0.0007145619926872313,-0.05666997856283234,-0.6080045124232746,0.16289824575212034,0.16552310679628918,-0.15464367278288096,-0.06341695664796855,-0.15464401318610582,-0.2145128462794467,-0.06675904517374455,1.3472177925850581,-0.06740296744351705,0.4785060572433347,0.1118790272439324,0.00867307968513829,-0.015277457704340292,-0.2893801534330561,1
-0.4628693914052924,-0.395989391180086,-0.4136996581523865,-0.4427417027531922,-0.46132568185532197,-0.418850765373374,-0.057341512802498266,-0.5489702592650805,-0.37138341546408443,-0.25121924656963746,-0.42328660824201464,-0.25122014092101286,-0.2145128462794467,-0.45959654486548324,-0.40830200332747757,-0.06740296744351705,-0.21916919682822203,-0.466476310277584,-0.4281867034107943,-0.5084010395997242,-0.41227099964128955,0
-0.4628693914052924,-0.395989391180086,-0.4136996581523865,-0.4427417027531922,-0.5627446440269113,-0.4856770825853588,0.49332148681827803,-0.7255385172780805,-0.6887998500079531,-0.25815144451924443,-0.48871745398638666,-0.2581524746803256,-0.4377183699898252,-0.17389654508967328,-0.4557484842980867,-0.06740296744351705,-0.8171765574609849,-0.6041799620684213,-0.5599380665667105,-0.562001428936179,-0.41227099964128955,0
3.1391346793987207,1.925940825940132,3.191452821086114,2.2671575313224785,2.315018407591935,2.344433606192299,-0.7303740678945583,1.3149439573651098,2.647709234866018,1.0485243507522881,2.32480891302161,1.0485239280427632,0.23189820114131035,3.1116534523321415,3.3399699933506395,-0.06740296744351705,2.2725281391416234,3.2239815577168542,2.2553805356070775,2.3860199845688332,2.0455459245233785,0
-0.6138515979659397,-0.5065574967572393,-0.4136996581523865,-0.4427417027531922,-0.6219057052936716,-0.5140931901009688,-0.9139284011014837,-0.9978515349178481,-0.9968652275603493,-0.2596808475555688,-0.5214328768585726,-0.25968154112610026,-0.4377183699898252,-0.45959654486548324,-0.5031949652686958,-0.06740296744351705,-1.4151839180937478,-0.7143428835010911,-0.6223466070089866,-0.6156018182726337,-0.5351618458495229,0
-0.22561163823856095,-0.2854212856029328,-0.4136996581523865,-0.10400429849373335,-0.35568092959324976,-0.3328960103984241,-0.30208062374506556,-0.34504635564443253,-0.1783879892234179,-0.23627673032538835,-0.3414980510615497,-0.23627748762102846,-0.2145128462794467,0.2189409546020654,-0.1710695984744322,-0.06740296744351705,0.2791702703657471,-0.218609737054077,-0.33110675161169817,-0.3904801830595237,-0.2893801534330561,1
-0.2040427515870399,-0.17485318002577954,-0.4136996581523865,-0.10400429849373335,-0.25848775751214337,-0.2555663025109835,-0.24089584600942376,-0.40846171591670716,0.29643790467690273,-0.22952749756305435,-0.2597094938810846,-0.22952825380883066,0.7899120104172567,-0.28103404500560203,0.11360928734922224,-0.06740296744351705,0.07983448348815944,0.029256836169430055,-0.24789536435533008,-0.2725593265193232,-0.16648930722482275,0
-0.11776720498095576,-0.0642850744486263,0.616343907344328,0.2347331057657255,-0.1739719557024856,-0.21354178736841428,-0.485634956951991,-0.1119016487610699,0.003438118944100886,-0.20699502486826576,-0.22699407100889862,-0.2069960470718096,0.901514772272446,0.11180345468613666,0.06616280637861316,-0.06740296744351705,-0.019833409950634387,-0.16352827633774208,-0.15081541255623393,-0.20823885931557748,-0.04359846101658937,0
-0.2040427515870399,-0.17485318002577954,-0.4136996581523865,-0.10400429849373335,-0.3683582998646984,-0.34414416704461087,-0.30208062374506556,-0.3599676168849678,-0.21137644027666783,-0.23822474369813174,-0.3578557624976426,-0.23822489500557564,-0.4377183699898252,-0.3524590449495545,-0.40830200332747757,-0.06740296744351705,-0.019833409950634387,-0.19106900669590954,-0.38658100978261023,-0.3368797937230689,-0.16648930722482275,0
0.7449882610798858,0.7096916645914464,-0.4136996581523865,-0.4427417027531922,1.6600209435670876,1.3078508042237516,-0.7915588456302002,1.6146126206125253,1.0598478073973858,0.6820815254775905,1.2942730925477508,0.6820815173265986,0.12029543928612109,2.93309095247226,1.0150924257907945,-0.06740296744351705,0.3788381638045409,0.7177750951236163,1.5272808971138563,1.8500160912042858,0.8166374624410443,0
-0.3981627314507293,-0.395989391180086,-0.4136996581523865,-0.27337300062346276,-0.5289383233030481,-0.46261124237419105,0.0650280426687853,-0.5980860775151755,-0.6171084130733314,-0.25560953531034564,-0.4723597425502936,-0.25560968932204703,-0.4377183699898252,-0.45959654486548324,-0.21851607944504128,-0.06740296744351705,-0.5181728771446035,-0.5215577709939189,-0.5322009374812544,-0.5191211174670152,-0.41227099964128955,0
-0.5060071647083344,-0.5065574967572393,-0.4136996581523865,-0.4427417027531922,-0.5035835827601508,-0.4536302409624353,0.3709519313469943,-0.6944525563602988,-0.40852789184687754,-0.2560548224561019,-0.4560020311142007,-0.2560559196567378,-0.4377183699898252,-0.45959654486548324,-0.5506414462393048,-0.06740296744351705,-0.9168444508997787,-0.49401704063575147,-0.5183323729385264,-0.47624080599785135,-0.5351618458495229,0
-0.18247386493551887,-0.17485318002577954,0.3588330159701494,-0.10400429849373335,-0.2120040665168316,-0.22288421932478947,-0.4244501792163492,-0.20515953151441496,0.08655862553496672,-0.2140061080293221,-0.22699407100889862,-0.21400719868915197,-0.4377183699898252,-0.45959654486548324,-0.5506414462393048,-0.06740296744351705,0.17950237692695326,0.001716105811262606,-0.22015823526987402,-0.19751878144828652,-0.16648930722482275,0
-0.5060071647083344,-0.5065574967572393,-0.4136996581523865,-0.4427417027531922,-0.5796478043888428,-0.49499760966024187,2.1453104856806067,-0.8735076912467212,-0.5441182182232274,-0.25921103930223993,-0.5050751654224797,-0.2592122717252162,-0.4377183699898252,-0.45959654486548324,-0.5031949652686958,-0.06740296744351705,-1.1161802377773664,-0.5766392317102538,-0.5876751956521665,-0.562001428936179,-0.5351618458495229,0
-0.33345607149616613,-0.17485318002577954,0.10132212459597074,-0.4427417027531922,-0.4063904106790444,-0.37719863321617025,-0.485634956951991,-0.08516772237177767,-0.5545082815470855,-0.23495629562887274,-0.39057118536982866,-0.23495698535342455,-0.2145128462794467,0.040378454742184176,-0.1710695984744322,-0.06740296744351705,0.17950237692695326,-0.4113948495612491,-0.4004495743253383,-0.4119203387941056,-0.16648930722482275,0
-0.3765938447992082,-0.395989391180086,-0.4136996581523865,-0.4427417027531922,-0.38526146022663,-0.36567118933095943,-0.24089584600942376,-0.4289784501224431,-0.2277407900117445,-0.2429677591400774,-0.37421347393373566,-0.24296851747652745,0.23189820114131035,-0.28103404500560203,-0.1710695984744322,-0.06740296744351705,-0.1195013033894282,-0.3563133888449142,-0.3519095984257902,-0.4333604945286875,-0.41227099964128955,0
-0.009922771723350566,-0.17485318002577954,-0.4136996581523865,-0.27337300062346276,0.1894459920790427,0.11521215028520242,-0.6691892901589164,0.5775849643953279,0.18110820178207657,-0.0635306472676953,0.10016015771296145,-0.06353178188629814,0.6783092485620674,0.3260784545179941,0.4457346541434858,-0.06740296744351705,0.9768455244373038,0.3046641397511045,0.18896441874060255,0.18840402177418783,-0.16648930722482275,0
0.9391082409435751,0.5991235590142931,2.1614092555894,0.9122079142846431,0.8697981966467876,0.7316921825577566,-0.7303740678945583,1.2863448733207505,0.6115165749729033,0.303371140385828,0.7217531922844956,0.30337019757130057,0.3435009629964996,0.5403534543498516,0.9201994638495764,-0.06740296744351705,1.6745207785088603,0.7728565558399512,0.9656040331333715,0.7136878372714446,0.693746616232811,1
-0.44130050475377136,-0.395989391180086,-0.4136996581523865,-0.27337300062346276,-0.4697772620362877,-0.4250936565986188,-0.057341512802498266,-0.5458616631733023,-0.41632043933977114,-0.25171869572223005,-0.4396443196781077,-0.2517197248826776,-0.4377183699898252,-0.45959654486548324,-0.5031949652686958,-0.06740296744351705,-0.5181728771446035,-0.4113948495612491,-0.4836609615817064,-0.4440805723959785,-0.41227099964128955,0
-0.2040427515870399,-0.2854212856029328,-0.4136996581523865,-0.10400429849373335,-0.3641325097742155,-0.3508689656626816,-0.179711068273782,-0.46130784947693604,-0.09916375637899894,-0.2423629500637385,-0.3578557624976426,-0.24236343884334624,-0.4377183699898252,-0.3881715449215308,-0.4557484842980867,-0.06740296744351705,-0.31883709026701584,-0.2736911977704119,-0.3588438806971542,-0.3690400273249418,-0.2893801534330561,0
1.3057793140194327,1.5942365092086723,1.6463874728410424,0.06536440363599608,1.7741172760101256,1.5341556111388766,-0.7915588456302002,2.202137281958599,0.890749526801593,1.0371982263152453,1.5232810526530527,1.0371971955526913,1.7943368671139601,2.9688034524442366,1.6318966784087126,-0.06740296744351705,1.2758492047536854,1.1584267808542956,1.5758208730134045,2.064417648550105,1.7997642321069116,1
-0.29031829819312405,-0.2854212856029328,-0.4136996581523865,-0.10400429849373335,-0.04719825298799899,-0.12036937394182168,-0.6691892901589164,0.5123044464679863,-0.2280005415948409,-0.1420563280821696,-0.12884780239234062,-0.14205740754999135,0.00869267743093182,-0.3524590449495545,-0.12362311750382314,-0.06740296744351705,0.17950237692695326,-0.13598754597957463,-0.09534115438532186,0.027602853764823524,-0.2893801534330561,0
-0.3981627314507293,-0.5065574967572393,-0.4136996581523865,-0.4427417027531922,-0.5204867431220823,-0.4634326754301443,1.4110931528529052,-0.8318525036168938,-0.09578698579874513,-0.2580189362263999,-0.4723597425502936,-0.2580190906128909,-0.4377183699898252,-0.45959654486548324,-0.5506414462393048,-0.06740296744351705,-1.1161802377773664,-0.466476310277584,-0.5391352197526185,-0.4869608838651423,-0.5351618458495229,0
-0.5922827113144186,-0.5065574967572393,-0.4136996581523865,-0.4427417027531922,-0.6050025449317401,-0.5077352982478905,2.1453104856806067,-0.8735076912467212,-0.8462093093644052,-0.2595244244462729,-0.5214328768585726,-0.25952511799247224,-0.4377183699898252,-0.45959654486548324,-0.5031949652686958,-0.06740296744351705,-1.1161802377773664,-0.6868021531429236,-0.6015437601948945,-0.6048817404053428,-0.5351618458495229,0
-0.2040427515870399,-0.2854212856029328,-0.4136996581523865,-0.10400429849373335,-0.3218746088693867,-0.30569562380562487,-0.30208062374506556,-0.349398390172922,-0.04929145242447962,-0.23293788512037816,-0.30878262818936364,-0.2329380356054351,-0.4377183699898252,-0.45959654486548324,-0.5506414462393048,-0.06740296744351705,0.17950237692695326,-0.10844681562140719,-0.31723818706897017,-0.32615971585577797,-0.2893801534330561,0
-0.5922827113144186,-0.5065574967572393,-0.4136996581523865,-0.4427417027531922,-0.5669704341173941,-0.48757185483442433,0.49332148681827803,-0.7255385172780805,-0.709320225072573,-0.25825343615898344,-0.48871745398638666,-0.2582543316045485,-0.4377183699898252,-0.45959654486548324,-0.5506414462393048,-0.06740296744351705,-0.8171765574609849,-0.6041799620684213,-0.5668723488380745,-0.562001428936179,-0.5351618458495229,0
-0.009922771723350566,0.37798734785998667,1.6463874728410424,-0.27337300062346276,1.0853134912614149,0.6818531009428852,-0.8527436233658419,3.781304096581909,-0.25891097998331913,0.871200769728765,0.6726800579762165,0.8712007236301587,-0.32611560813463597,-0.031046545201768312,-0.26596256041565036,-0.06740296744351705,0.7775097375597162,-0.19106900669590954,1.298449582158844,0.7458480708733175,0.4479649238163442,0
-0.031491658374871605,1.483668403631519,-0.4136996581523865,0.7428392121549137,0.2866391641601491,0.20344501293532932,-0.6080045124232746,0.15543761513185267,0.837760203849916,-0.09593549302200487,0.19830642632951948,-0.0959356221959211,0.45510372485168893,-0.45959654486548324,-0.3134090413862594,-0.06740296744351705,0.2791702703657471,0.635152904049114,0.16816157192651052,0.46712604632375265,1.6768733858986782,0
-0.3550249581476872,-0.395989391180086,-0.4136996581523865,-0.4427417027531922,-0.3430035593218011,-0.3340569691175047,-0.3632654014807074,-0.28473959146393607,-0.25241719040590777,-0.23427664328189318,-0.3414980510615497,-0.2342779391919386,0.23189820114131035,0.004665954770207932,-0.5031949652686958,-0.06740296744351705,-0.21916919682822203,-0.24615046741224442,-0.37271244523988223,-0.2939994822539051,-0.41227099964128955,0
-0.5275760513598555,-0.5065574967572393,-0.4136996581523865,-0.4427417027531922,-0.5838735944793256,-0.49673357151848974,1.1051692641746962,-0.8113357694111579,-0.7223078042273958,-0.259040199937393,-0.5050751654224797,-0.25904129760241346,-0.4377183699898252,-0.3524590449495545,-0.5506414462393048,-0.06740296744351705,-0.9168444508997787,-0.6317206924265887,-0.5807409133808025,-0.5834415846707609,-0.5351618458495229,0
0.39988607465554915,0.8202597701685996,1.3888765814668638,0.4041018078954549,0.9965718993612742,0.7523320571436757,-0.7915588456302002,2.4601507575761867,0.08318185495471274,0.6068436266825767,0.7381109037205886,0.606843202633956,-0.4377183699898252,0.3260784545179941,0.16105576831983132,-0.06740296744351705,1.2758492047536854,0.3046641397511045,1.0141440090329197,0.9602496282191365,0.9395283086492777,0
-0.3981627314507293,-0.5065574967572393,-0.4136996581523865,-0.4427417027531922,-0.4697772620362877,-0.4265229501159775,-0.24089584600942376,-0.4383042383977776,-0.5352866643979478,-0.24998557886914818,-0.4396443196781077,-0.24998573200602595,-0.4377183699898252,-0.423884044893507,-0.21851607944504128,-0.06740296744351705,-0.31883709026701584,-0.49401704063575147,-0.45592383249625035,-0.4869608838651423,-0.5351618458495229,1
-0.5922827113144186,-0.5065574967572393,-0.4136996581523865,-0.4427417027531922,-0.5965509647507743,-0.503332417067981,2.1453104856806067,-0.8735076912467212,-0.7415294213765335,-0.2594161004326002,-0.5050751654224797,-0.2594171981560932,-0.4377183699898252,-0.45959654486548324,-0.4557484842980867,-0.06740296744351705,-1.1161802377773664,-0.6317206924265887,-0.6015437601948945,-0.5834415846707609,-0.5351618458495229,0
-0.4844382780568134,-0.5065574967572393,-0.4136996581523865,-0.4427417027531922,-0.43174515122194174,-0.409048330905665,-0.057341512802498266,-0.5626480820689044,-0.2851458898760612,-0.2506355229511839,-0.42328660824201464,-0.2506356761891625,-0.4377183699898252,-0.423884044893507,-0.4557484842980867,-0.06740296744351705,-0.6178407705833973,-0.466476310277584,-0.4073838565967023,-0.4655207281305604,-0.5351618458495229,0
-0.009922771723350566,-0.395989391180086,-0.4136996581523865,-0.27337300062346276,0.01196280827876143,-0.04739873747130643,-0.485634956951991,-0.08516772237177767,0.510992712314575,-0.1753917633419976,-0.06341695664796855,-0.17539251116679508,-0.4377183699898252,-0.24532154503362577,-0.3134090413862594,-0.06740296744351705,0.17950237692695326,0.19450121831843475,0.02254164422786631,-0.004557379837049338,-0.41227099964128955,0
-0.44130050475377136,-0.395989391180086,-0.4136996581523865,-0.27337300062346276,-0.5373899034840139,-0.4728682031328608,-0.057341512802498266,-0.5626480820689044,-0.7176322757316596,-0.25613074357762494,-0.4723597425502936,-0.2561310997674737,-0.4377183699898252,-0.45959654486548324,-0.5031949652686958,-0.06740296744351705,-0.7175086640221912,-0.6041799620684213,-0.5322009374812544,-0.5405612732015971,-0.41227099964128955,0
-0.3118871848446451,-0.17485318002577954,0.3588330159701494,-0.4427417027531922,-0.05564983316896477,-0.14444831492199847,-0.6691892901589164,0.5172782002148315,-0.2773533423831675,-0.1488811451376259,-0.14520551382843358,-0.14888182147292509,-0.4377183699898252,-0.3524590449495545,-0.3608555223568685,-0.06740296744351705,0.17950237692695326,-0.30123192812857935,0.00867307968513829,-0.1546384699791227,-0.16648930722482275,0
-0.29031829819312405,-0.0642850744486263,0.3588330159701494,-0.27337300062346276,-0.11903668452620808,-0.17435395437907045,-0.6691892901589164,0.46132347056282436,-0.3103417934364173,-0.1615900848909984,-0.17792093670061962,-0.16159089793459325,-0.32611560813463597,-0.1024715451457208,-0.3608555223568685,-0.06740296744351705,0.3788381638045409,-0.24615046741224442,-0.08840687211395784,-0.16535854784641366,-0.04359846101658937,0
-0.22561163823856095,-0.5065574967572393,-0.4136996581523865,-0.4427417027531922,-0.20777827642634872,-0.23601071955892267,-0.179711068273782,-0.48493317977445016,0.6019057663983344,-0.23145907370984242,-0.24335178244499162,-0.23145989762177194,-0.10291008442425745,-0.31674654497757826,-0.26596256041565036,-0.06740296744351705,-0.4185049837058097,-0.05336535490507229,-0.192421106184418,-0.22967901505015936,-0.5351618458495229,0
-0.5275760513598555,-0.5065574967572393,-0.4136996581523865,-0.4427417027531922,-0.5880993845698086,-0.49930739509381,1.1051692641746962,-0.8113357694111579,-0.7630888027735393,-0.259135185546397,-0.5050751654224797,-0.25913587903204904,-0.4377183699898252,-0.45959654486548324,-0.5506414462393048,-0.06740296744351705,-0.9168444508997787,-0.6592614227847562,-0.5807409133808025,-0.5941616625380518,-0.5351618458495229,0
1.9528459135650638,1.0413959813229061,0.10132212459597074,1.4203140206738314,1.643117783205156,1.5763334604518904,-0.6691892901589164,0.44826736697735625,3.2653984994693896,0.338539393705352,1.5559964755252387,0.33853872582411626,-0.10291008442425745,0.5760659543218277,0.2085022492904404,-0.06740296744351705,0.87717763099851,2.4253003773299984,1.5619523084706763,1.7535353903986672,1.1853100010657447,1
-0.5707138246628976,-0.5065574967572393,-0.4136996581523865,-0.4427417027531922,-0.571196224207877,-0.4927359306461839,1.1051692641746962,-0.8113357694111579,-0.6591881695349571,-0.25889266909787617,-0.5050751654224797,-0.25889336254580403,-0.4377183699898252,-0.45959654486548324,-0.5506414462393048,-0.06740296744351705,-1.1161802377773664,-0.6041799620684213,-0.5807409133808025,-0.551281351068888,-0.5351618458495229,0
0.7449882610798858,0.8202597701685996,0.10132212459597074,1.0815766164143725,1.571279351666947,1.43524959498173,-0.7915588456302002,1.7165745724228487,1.120629677841956,0.7873908575980627,1.4251347840364945,0.7873906637311873,2.910364485665853,0.2189409546020654,1.3472177925850581,-0.06740296744351705,1.7741886719476543,1.5439970058686399,1.4718066389429443,1.7106550789295034,0.9395283086492777,0
1.348917087322475,1.2625321924772126,1.1313656900926852,0.4041018078954549,1.0937650714423808,0.9602093825035826,-0.7915588456302002,1.990131028499328,0.45826314094599463,0.6118595404947884,0.9507611523897976,0.6118584435695023,1.0131175341276353,1.50459095359321,0.588074097055313,-0.06740296744351705,1.9735244588252419,1.0207231290634582,0.9933411622188275,1.2389716527687014,1.4310916934822113,0
0.6155749411707595,0.15685113670568018,-0.4136996581523865,0.5734705100251843,0.8486692461943731,0.755683504011965,-0.6080045124232746,0.3786348145215252,1.7240326053750223,0.08607263003309848,0.7381109037205886,0.08607178814850501,1.3479258196932031,0.3617909544899704,0.9676459448201855,-0.06740296744351705,1.0765134178760976,1.3236711630033002,0.9170640572338234,0.7351279930060265,0.2021832313998774,1
-0.16090497828399783,-0.17485318002577954,0.3588330159701494,0.06536440363599608,-0.22045564669779738,-0.2444386227130032,-0.30208062374506556,-0.34504635564443253,0.2213696971620271,-0.22485063521901075,-0.2597094938810846,-0.22485132337159625,-0.32611560813463597,-0.28103404500560203,-0.21851607944504128,-0.06740296744351705,-0.019833409950634387,-0.16352827633774208,-0.15774969482759793,-0.315439637988487,-0.16648930722482275,0
-0.5060071647083344,-0.5065574967572393,-0.4136996581523865,-0.4427417027531922,-0.5838735944793256,-0.49590118602179045,0.8604301532321287,-0.7802498084933762,-0.750360975201813,-0.2588975867925268,-0.5050751654224797,-0.25889821287552894,-0.4377183699898252,-0.45959654486548324,-0.4557484842980867,-0.06740296744351705,-0.8171765574609849,-0.6317206924265887,-0.5807409133808025,-0.5834415846707609,-0.5351618458495229,0
-0.3118871848446451,-0.2854212856029328,0.10132212459597074,-0.27337300062346276,-0.45709989176483906,-0.4123723966720892,-0.11852629053814014,-0.5228580520941438,-0.36514937746976944,-0.2501250931927278,-0.42328660824201464,-0.250126391568048,-0.4377183699898252,-0.28103404500560203,-0.5506414462393048,-0.06740296744351705,-0.1195013033894282,-0.4113948495612491,-0.43512098568215835,-0.4869608838651423,-0.2893801534330561,0
-0.5060071647083344,-0.5065574967572393,-0.4136996581523865,-0.4427417027531922,-0.5035835827601508,-0.4536302409624353,0.3709519313469943,-0.6944525563602988,-0.40852789184687754,-0.2560548224561019,-0.4560020311142007,-0.2560559196567378,-0.4377183699898252,-0.45959654486548324,-0.5506414462393048,-0.06740296744351705,-0.9168444508997787,-0.49401704063575147,-0.5183323729385264,-0.47624080599785135,-0.5351618458495229,0
-0.5275760513598555,-0.5065574967572393,-0.4136996581523865,-0.4427417027531922,-0.5796478043888428,-0.4940830808579472,1.1051692641746962,-0.8113357694111579,-0.6804877993488665,-0.2589423849698229,-0.5050751654224797,-0.25894307842548425,-0.4377183699898252,-0.45959654486548324,-0.5506414462393048,-0.06740296744351705,-0.9168444508997787,-0.6041799620684213,-0.5807409133808025,-0.5727215068034699,-0.5351618458495229,0
-0.4628693914052924,-0.5065574967572393,-0.4136996581523865,-0.4427417027531922,-0.4401967314029075,-0.4136154986967651,-0.057341512802498266,-0.5626480820689044,-0.31605632826453933,-0.25102880379186854,-0.42328660824201464,-0.2510297654793106,-0.32611560813463597,-0.28103404500560203,-0.3134090413862594,-0.06740296744351705,-0.6178407705833973,-0.466476310277584,-0.4212524211394303,-0.4655207281305604,-0.5351618458495229,0
-0.4844382780568134,-0.5065574967572393,-0.4136996581523865,-0.4427417027531922,-0.5796478043888428,-0.4940830808579472,0.8604301532321287,-0.7802498084933762,-0.7256845748076498,-0.25881930787219865,-0.5050751654224797,-0.25881939501749934,-0.4377183699898252,-0.45959654486548324,-0.5506414462393048,-0.06740296744351705,-0.8171765574609849,-0.6317206924265887,-0.5738066311094385,-0.5834415846707609,-0.5351618458495229,0
-0.3765938447992082,-0.395989391180086,-0.4136996581523865,-0.4427417027531922,-0.5416156935744968,-0.4735636831202346,0.8604301532321287,-0.7802498084933762,-0.44749062931134587,-0.2579359417084616,-0.48871745398638666,-0.25793663500756764,-0.4377183699898252,-0.45959654486548324,-0.5506414462393048,-0.06740296744351705,-0.8171765574609849,-0.5490985013520864,-0.5322009374812544,-0.551281351068888,-0.41227099964128955,0
-0.5275760513598555,-0.5065574967572393,-0.4136996581523865,-0.4427417027531922,-0.5923251746602914,-0.5017935991431619,2.1453104856806067,-0.8735076912467212,-0.7051641997430297,-0.259378240920359,-0.5050751654224797,-0.259378395518294,-0.4377183699898252,-0.45959654486548324,-0.5506414462393048,-0.06740296744351705,-1.1161802377773664,-0.6317206924265887,-0.5946094779235306,-0.5834415846707609,-0.5351618458495229,0
-0.4197316181022503,-0.2854212856029328,-0.4136996581523865,-0.4427417027531922,-0.4190677809504931,-0.39623397523279397,-0.485634956951991,-0.08578944159013328,-0.615809655157849,-0.23841612959542272,-0.40692889680592165,-0.2384164830297092,-0.4377183699898252,-0.45959654486548324,-0.5031949652686958,-0.06740296744351705,-0.31883709026701584,-0.466476310277584,-0.44205526795352235,-0.37976010519223274,-0.2893801534330561,0
-0.031491658374871605,0.15685113670568018,0.616343907344328,-0.27337300062346276,-0.2035524863358658,-0.23549047862348563,-0.6691892901589164,0.5769632451769722,-0.47528404870266666,-0.17285834220879706,-0.24335178244499162,-0.17285942646796626,-0.4377183699898252,-0.13818404511769705,-0.3134090413862594,-0.06740296744351705,0.3788381638045409,-0.30123192812857935,-0.21322395299851002,-0.18679870358099557,0.2021832313998774,0
-0.5922827113144186,-0.5065574967572393,-0.4136996581523865,-0.4427417027531922,-0.533164113393531,-0.46702507599484655,0.3097671536113526,-0.6869919257400311,-0.5503522562175422,-0.2567857400856715,-0.4723597425502936,-0.25678589428033516,-0.32611560813463597,-0.45959654486548324,-0.40830200332747757,-0.06740296744351705,-0.5181728771446035,-0.5766392317102538,-0.5113980906671625,-0.562001428936179,-0.5351618458495229,0
0.6802816011253227,0.8202597701685996,1.6463874728410424,1.0815766164143725,0.5190576191367079,0.3924458066694302,-0.6080045124232746,0.26672535521751106,1.1167334040955095,-0.032811762390366345,0.3782412521265426,-0.03281221857364654,0.12029543928612109,-0.17389654508967328,0.2085022492904404,-0.06740296744351705,0.5781739506821285,0.6076121736909464,0.6050213550224431,0.381365423385425,0.9395283086492777,0
-0.4844382780568134,-0.395989391180086,-0.4136996581523865,-0.4427417027531922,-0.5669704341173941,-0.48757185483442433,0.49332148681827803,-0.7255385172780805,-0.709320225072573,-0.25825343615898344,-0.48871745398638666,-0.2582543316045485,-0.4377183699898252,-0.1024715451457208,-0.3608555223568685,-0.06740296744351705,-0.8171765574609849,-0.6041799620684213,-0.5668723488380745,-0.562001428936179,-0.41227099964128955,0
0.313610528049465,0.7096916645914464,0.616343907344328,0.7428392121549137,0.590896050674917,0.4772122218234343,-0.6691892901589164,0.6385134477941801,0.7897061609770718,0.06127855672449306,0.4600298093070075,0.06127811517724947,1.9059396289691493,0.5760659543218277,1.1574318687026217,-0.06740296744351705,1.2758492047536854,0.6626936344072814,0.7159698713642673,0.39208550125271596,0.8166374624410443,0
-0.22561163823856095,-0.2854212856029328,-0.4136996581523865,-0.10400429849373335,-0.25003617733117756,-0.26614088405128855,-0.3632654014807074,-0.2791441184987353,0.02084147501156345,-0.224433978487316,-0.27606720531717766,-0.22443419501525486,-0.4377183699898252,-0.3524590449495545,-0.3134090413862594,-0.06740296744351705,0.07983448348815944,-0.218609737054077,-0.192421106184418,-0.3368797937230689,-0.2893801534330561,0
-0.1393360916324768,-0.0642850744486263,-0.4136996581523865,-0.10400429849373335,0.20634915244097424,0.07487978723789694,-0.7303740678945583,1.4716172003907293,-0.2934579405351478,0.02808088428056093,0.06744473484077541,0.02808003337517422,-0.2145128462794467,0.25465345457404165,0.11360928734922224,-0.06740296744351705,0.5781739506821285,-0.08090608526323974,0.13349016056969046,0.31704495618167927,-0.04359846101658937,0
-0.5707138246628976,-0.5065574967572393,-0.4136996581523865,-0.4427417027531922,-0.6050025449317401,-0.5077352982478905,3.1854517071865174,-0.9045936521645029,-0.7958175022436926,-0.2595635639064369,-0.5214328768585726,-0.25956392063027145,-0.4377183699898252,-0.3524590449495545,-0.5031949652686958,-0.06740296744351705,-1.2158481312161602,-0.6592614227847562,-0.6084780424662586,-0.5941616625380518,-0.5351618458495229,0
-0.5922827113144186,-0.5065574967572393,-0.4136996581523865,-0.4427417027531922,-0.5965509647507743,-0.503332417067981,1.533462708324189,-0.8424217303289396,-0.7927004832465353,-0.2593498799690181,-0.5050751654224797,-0.2593505061223758,-0.4377183699898252,-0.45959654486548324,-0.5506414462393048,-0.06740296744351705,-1.0165123443385726,-0.6592614227847562,-0.5946094779235306,-0.5941616625380518,-0.5351618458495229,0
0.14105943483729672,-0.0642850744486263,-0.4136996581523865,-0.10400429849373335,-0.23313301696924604,-0.2430531389586287,-0.5468197346876329,-0.003100785548833986,-0.19345358104301236,-0.20633376335196568,-0.2597094938810846,-0.2063339770643608,-0.2145128462794467,0.5403534543498516,0.018716325408004088,-0.06740296744351705,0.4785060572433347,-0.16352827633774208,-0.20628967072714602,-0.2725593265193232,-0.04359846101658937,0
-0.44130050475377136,-0.395989391180086,-0.4136996581523865,-0.4427417027531922,-0.5289383233030481,-0.4661379282944171,0.24858237587571072,-0.6621231570058058,-0.5758079113609949,-0.2564953266385679,-0.4723597425502936,-0.2564960870792724,-0.32611560813463597,-0.24532154503362577,-0.26596256041565036,-0.06740296744351705,-0.6178407705833973,-0.5766392317102538,-0.5113980906671625,-0.551281351068888,-0.41227099964128955,0
-0.5275760513598555,-0.5065574967572393,-0.4136996581523865,-0.4427417027531922,-0.5627446440269113,-0.4836946908103249,0.6156910422895616,-0.7491638475755945,-0.6363300302224689,-0.25818512735931676,-0.48871745398638666,-0.25818642698839994,-0.32611560813463597,-0.423884044893507,-0.4557484842980867,-0.06740296744351705,-0.7175086640221912,-0.5766392317102538,-0.5599380665667105,-0.562001428936179,-0.5351618458495229,0
0.874401580989012,0.2674192422828334,-0.4136996581523865,0.5734705100251843,0.6711860623940918,0.5773175302422725,-0.6080045124232746,0.36620043015441256,1.362977904870949,0.03485140459782066,0.5581760779235656,0.034851093671134016,0.23189820114131035,0.9331909540415902,0.6355205780259221,-0.06740296744351705,1.0765134178760976,1.0482638594216258,0.7506412827210873,0.5421665913947893,0.3250740776081108,1
-0.5060071647083344,-0.5065574967572393,-0.4136996581523865,-0.4427417027531922,-0.571196224207877,-0.4927359306461839,1.1051692641746962,-0.8113357694111579,-0.6591881695349571,-0.25889266909787617,-0.5050751654224797,-0.25889336254580403,-0.4377183699898252,-0.45959654486548324,-0.5506414462393048,-0.06740296744351705,-1.1161802377773664,-0.6041799620684213,-0.5807409133808025,-0.551281351068888,-0.5351618458495229,0
0.03321500157969151,-0.17485318002577954,-0.4136996581523865,-0.10400429849373335,-0.0767787836213792,-0.1063173924646478,-0.5468197346876329,0.019281106311968794,0.18526422711161974,-0.17759677678449287,-0.1124900909562476,-0.1775969860267619,0.5667064867068782,0.6474909542657803,0.49318113511409484,-0.06740296744351705,0.4785060572433347,0.19450121831843475,-0.10227543665668586,-0.0367176134389222,-0.16648930722482275,0
-0.5707138246628976,-0.5065574967572393,-0.4136996581523865,-0.4427417027531922,-0.571196224207877,-0.4927359306461839,1.1051692641746962,-0.8113357694111579,-0.6591881695349571,-0.25889266909787617,-0.5050751654224797,-0.25889336254580403,-0.4377183699898252,-0.45959654486548324,-0.5506414462393048,-0.06740296744351705,-1.1161802377773664,-0.6041799620684213,-0.5807409133808025,-0.551281351068888,-0.5351618458495229,0
-0.22561163823856095,-0.0642850744486263,0.3588330159701494,-0.27337300062346276,-0.08945615389282786,-0.14650189756188164,-0.6691892901589164,0.4420501747937998,-0.24384538816372475,-0.15496325556948726,-0.1615632252645266,-0.15496413494794917,-0.32611560813463597,-0.28103404500560203,-0.40830200332747757,-0.06740296744351705,0.4785060572433347,-0.19106900669590954,-0.053735460757137796,-0.14391839211183174,-0.04359846101658937,0
0.03321500157969151,-0.2854212856029328,-0.4136996581523865,-0.4427417027531922,1.647343573295639,1.196875198364465,-0.7915588456302002,2.309694706734124,0.5286558199651339,0.860043126857764,1.1797691124950997,0.860042540098027,-0.10291008442425745,0.004665954770207932,0.49318113511409484,-0.06740296744351705,0.07983448348815944,0.3872863308256069,1.2568438885306599,2.23593889442676,-0.2893801534330561,0
-0.22561163823856095,-0.0642850744486263,-0.4136996581523865,-0.4427417027531922,-0.35990671968373267,-0.3559125646262346,-0.6080045124232746,0.3077588236289829,-0.6397068008027229,-0.21881743227093442,-0.3578557624976426,-0.21881872577625236,-0.4377183699898252,-0.45959654486548324,-0.3608555223568685,-0.06740296744351705,0.07983448348815944,-0.49401704063575147,-0.33804103388306217,-0.3904801830595237,-0.04359846101658937,0
2.7940324929743845,2.921053776134511,1.1313656900926852,2.775263637711667,1.4360540687714947,1.371358531889685,-0.6691892901589164,0.4153162484045076,2.938371256350952,0.26742178200502664,1.3597039382921225,0.26742076623277594,0.901514772272446,0.7189159542097328,0.49318113511409484,-0.06740296744351705,1.3755170981924791,2.1498930737483235,1.6243608489129524,1.131770874095792,2.967227271085129,0
-0.5922827113144186,-0.5065574967572393,-0.4136996581523865,-0.4427417027531922,-0.5373899034840139,-0.4703108082186596,0.43213670908263613,-0.7180778866578128,-0.5352866643979478,-0.25725703038396364,-0.4723597425502936,-0.2572575888460817,-0.32611560813463597,-0.45959654486548324,-0.40830200332747757,-0.06740296744351705,-0.6178407705833973,-0.5766392317102538,-0.5183323729385264,-0.562001428936179,-0.5351618458495229,0
-0.22561163823856095,-0.17485318002577954,-0.4136996581523865,0.06536440363599608,-0.21622985660731447,-0.22585233076696726,-0.3632654014807074,-0.3064997641063833,0.23305851840136765,-0.22026815219284984,-0.22699407100889862,-0.22026897436399734,-0.10291008442425745,-0.031046545201768312,0.11360928734922224,-0.06740296744351705,0.17950237692695326,0.001716105811262606,-0.192421106184418,-0.2511191707847413,-0.16648930722482275,0
0.9822460142466172,0.8202597701685996,1.1313656900926852,1.0815766164143725,0.6331539515797459,0.553041445328667,-0.7303740678945583,1.0047060674056485,0.5746318501732066,0.1631577631433592,0.5418183664874726,0.16315686588390307,-0.10291008442425745,1.2546034537893764,0.7304135399671402,-0.06740296744351705,2.073192352264036,0.8554787469144535,0.7298384359069953,0.4778461241910436,0.878082885545161,0
-0.2040427515870399,-0.395989391180086,-0.4136996581523865,-0.27337300062346276,-0.1824235358834514,-0.2265916205173252,-0.6691892901589164,0.43210266730010966,-0.4038523633511414,-0.17833678878088205,-0.22699407100889862,-0.17833787389224035,0.23189820114131035,-0.24532154503362577,-0.40830200332747757,-0.06740296744351705,0.07983448348815944,-0.2736911977704119,-0.22015823526987402,-0.12247823637724983,-0.41227099964128955,0
-0.4628693914052924,-0.5065574967572393,-0.4136996581523865,-0.4427417027531922,-0.5204867431220823,-0.4634326754301443,1.4110931528529052,-0.8318525036168938,-0.09578698579874513,-0.2580189362263999,-0.4723597425502936,-0.2580190906128909,-0.4377183699898252,-0.45959654486548324,-0.5506414462393048,-0.06740296744351705,-1.1161802377773664,-0.466476310277584,-0.5391352197526185,-0.4869608838651423,-0.5351618458495229,0
-0.5060071647083344,-0.5065574967572393,-0.4136996581523865,-0.4427417027531922,-0.5923251746602914,-0.5009502612057165,2.1453104856806067,-0.8735076912467212,-0.6851633278446027,-0.2593574922908744,-0.5050751654224797,-0.25935778161696316,-0.4377183699898252,-0.45959654486548324,-0.5031949652686958,-0.06740296744351705,-1.1161802377773664,-0.6041799620684213,-0.6015437601948945,-0.5727215068034699,-0.5351618458495229,0
-0.053060545026392646,-0.2854212856029328,-0.4136996581523865,-0.10400429849373335,-0.19087511606441715,-0.21189892125650775,-0.3632654014807074,-0.27106176866011217,0.22968174782111367,-0.21623341951194525,-0.22699407100889862,-0.2162347126153121,-0.4377183699898252,-0.06675904517374455,-0.5031949652686958,-0.06740296744351705,0.17950237692695326,-0.05336535490507229,-0.14388113028486993,-0.26183924865203223,-0.2893801534330561,0
-0.4844382780568134,-0.5065574967572393,-0.4136996581523865,-0.4427417027531922,-0.4824546323077364,-0.4379901555770851,0.0650280426687853,-0.6130073387557107,-0.41346317192571014,-0.2538880727199288,-0.4396443196781077,-0.2538890348521389,-0.4377183699898252,-0.3881715449215308,-0.26596256041565036,-0.06740296744351705,-0.6178407705833973,-0.49401704063575147,-0.46979239703897835,-0.4976809617324332,-0.5351618458495229,0
-0.4628693914052924,-0.395989391180086,-0.4136996581523865,-0.4427417027531922,-0.45709989176483906,-0.41640837108700623,-0.057341512802498266,-0.5489702592650805,-0.35527881731210414,-0.2510022617138915,-0.42328660824201464,-0.2510030886658236,-0.2145128462794467,-0.423884044893507,-0.40830200332747757,-0.06740296744351705,-0.21916919682822203,-0.466476310277584,-0.4212524211394303,-0.5084010395997242,-0.41227099964128955,0
-0.4628693914052924,-0.5065574967572393,-0.4136996581523865,-0.4427417027531922,-0.2838424980550407,-0.3134389994130776,-0.6080045124232746,0.2592647245972434,-0.5261953589895718,-0.20976564056125566,-0.32514033962545663,-0.20976679792715852,-0.4377183699898252,-0.3881715449215308,-0.40830200332747757,-0.06740296744351705,-0.1195013033894282,-0.466476310277584,-0.24789536435533008,-0.3368797937230689,-0.5351618458495229,0
-0.33345607149616613,-0.395989391180086,-0.4136996581523865,-0.4427417027531922,-0.37258408995518133,-0.3578620990790304,-0.11852629053814014,-0.5253449289675663,-0.02175778461625527,-0.2450744186895614,-0.3578557624976426,-0.2450747731595651,-0.4377183699898252,-0.45959654486548324,-0.21851607944504128,-0.06740296744351705,-0.31883709026701584,-0.30123192812857935,-0.3449753161544262,-0.4119203387941056,-0.41227099964128955,0
-0.4197316181022503,-0.395989391180086,-0.4136996581523865,-0.4427417027531922,-0.423293571040976,-0.4004889984626319,-0.4244501792163492,-0.2517884728910875,-0.5477547403865777,-0.2429106330433147,-0.40692889680592165,-0.24291152610225988,-0.2145128462794467,-0.3881715449215308,-0.40830200332747757,-0.06740296744351705,-0.31883709026701584,-0.49401704063575147,-0.4073838565967023,-0.4440805723959785,-0.41227099964128955,0
0.011646114928170474,0.15685113670568018,-0.4136996581523865,0.2347331057657255,-0.09368194398331076,-0.17551491309815107,-0.6691892901589164,0.46318862821789136,-0.3134588124335748,-0.16180322990297616,-0.17792093670061962,-0.16180431244248886,-0.2145128462794467,0.6117784542938041,0.4457346541434858,-0.06740296744351705,-0.019833409950634387,-0.30123192812857935,-0.08147258984259384,-0.11175815850995888,0.2021832313998774,0
-0.5060071647083344,-0.395989391180086,-0.4136996581523865,-0.4427417027531922,-0.5120351629411166,-0.456324541385962,-0.4244501792163492,-0.2517884728910875,-0.7685435860185649,-0.2511534976658163,-0.4560020311142007,-0.2511546614697267,-0.4377183699898252,-0.45959654486548324,-0.5031949652686958,-0.06740296744351705,-0.5181728771446035,-0.5766392317102538,-0.5252666552098905,-0.4869608838651423,-0.41227099964128955,0
-0.44130050475377136,-0.5065574967572393,-0.4136996581523865,-0.4427417027531922,-0.49090621248870214,-0.4456294829974505,0.0650280426687853,-0.6167376540658446,-0.46671224646048354,-0.25452232059849084,-0.4560020311142007,-0.2545232154636695,-0.4377183699898252,-0.3881715449215308,-0.3134090413862594,-0.06740296744351705,-0.8171765574609849,-0.49401704063575147,-0.5044638083957984,-0.4655207281305604,-0.5351618458495229,0
